City_ID,City,Country,Date,Lat,Lng,Max Temp,Humidity,Cloudiness,Wind Speed
0,Saint-Joseph,RE,2022-05-22 00:55:26,-21.3667,55.6167,68.38,75,19,9.86
1,Timmins,CA,2022-05-22 00:55:27,48.4669,-81.3331,44.42,70,100,9.22
2,Rikitea,PF,2022-05-22 00:55:27,-23.1203,-134.9692,75.81,74,1,11.48
3,Severo-Kurilsk,RU,2022-05-22 00:53:58,50.6789,156.125,46.18,87,68,8.14
4,Mareeba,AU,2022-05-22 00:55:28,-17.0,145.4333,78.48,77,50,3.51
5,San Carlos,VE,2022-05-22 00:54:01,9.6612,-68.5827,81.52,53,85,2.75
6,Novoagansk,RU,2022-05-22 00:55:29,61.9449,76.6625,43.65,82,98,9.46
7,Saint-Philippe,RE,2022-05-22 00:55:29,-21.3585,55.7679,69.39,75,38,8.25
8,Tuktoyaktuk,CA,2022-05-22 00:55:30,69.4541,-133.0374,28.4,69,75,10.36
9,San Cristobal,VE,2022-05-22 00:55:31,7.7669,-72.225,75.38,83,9,3.27
10,Ustupo,PA,2022-05-22 00:55:32,9.1333,-77.9333,79.39,86,20,3.38
11,Narsaq,GL,2022-05-22 00:55:32,60.9167,-46.05,38.19,77,100,3.8
12,Kusa,RU,2022-05-22 00:55:33,55.3383,59.4406,34.63,94,100,10.16
13,Bethel,US,2022-05-22 00:55:33,41.3712,-73.414,80.47,76,2,4.65
14,Ponta Delgada,PT,2022-05-22 00:55:34,37.7333,-25.6667,65.12,94,75,6.91
15,Hasaki,JP,2022-05-22 00:55:35,35.7333,140.8333,64.8,82,99,18.77
16,Longyearbyen,SJ,2022-05-22 00:55:35,78.2186,15.6401,35.44,80,75,11.5
17,Margate,GB,2022-05-22 00:55:36,51.3813,1.3862,53.69,82,7,7.02
18,Hay River,CA,2022-05-22 00:55:37,60.8156,-115.7999,53.58,50,75,8.05
19,Oranjemund,NA,2022-05-22 00:55:37,-28.55,16.4333,50.97,86,6,5.08
20,Coquimbo,CL,2022-05-22 00:55:38,-29.9533,-71.3436,56.93,100,0,6.91
21,Asfi,MA,2022-05-22 00:55:39,32.2994,-9.2372,64.87,88,80,11.72
22,Vestmannaeyjar,IS,2022-05-22 00:55:41,63.4427,-20.2734,49.12,82,27,8.08
23,Avarua,CK,2022-05-22 00:55:42,-21.2078,-159.775,77.05,83,75,4.61
24,Alice Springs,AU,2022-05-22 00:55:42,-23.7,133.8833,60.35,41,0,2.3
25,Bredasdorp,ZA,2022-05-22 00:55:43,-34.5322,20.0403,51.84,86,50,5.99
26,Albany,US,2022-05-22 00:55:44,42.6001,-73.9662,79.59,73,35,3.09
27,Cabo San Lucas,MX,2022-05-22 00:55:44,22.8909,-109.9124,80.62,68,4,12.57
28,Mataura,NZ,2022-05-22 00:55:44,-46.1927,168.8643,45.73,93,100,10.36
29,Forestville,US,2022-05-22 00:55:45,38.8451,-76.875,86.86,64,0,6.91
30,Fortuna,US,2022-05-22 00:55:46,40.5982,-124.1573,58.93,80,20,18.41
31,Hithadhoo,MV,2022-05-22 00:55:46,-0.6,73.0833,82.8,70,100,10.51
32,Punta Arenas,CL,2022-05-22 00:55:46,-53.15,-70.9167,32.11,93,40,3.44
33,Katsuura,JP,2022-05-22 00:55:47,35.1333,140.3,62.71,88,97,15.9
34,Abha,SA,2022-05-22 00:55:48,18.2164,42.5053,66.45,10,0,0.0
35,Mandalgovi,MN,2022-05-22 00:55:48,45.7625,106.2708,60.75,49,84,22.1
36,Carauari,BR,2022-05-22 00:55:49,-4.8828,-66.8958,71.8,97,50,1.72
37,Atuona,PF,2022-05-22 00:55:49,-9.8,-139.0333,78.08,77,19,8.72
38,Zagora,MA,2022-05-22 00:55:50,30.3484,-5.8365,78.3,18,20,1.86
39,Qaanaaq,GL,2022-05-22 00:55:51,77.484,-69.3632,16.12,88,99,3.02
40,Mezen,RU,2022-05-22 00:55:52,65.8522,44.24,28.53,79,89,9.06
41,Araouane,ML,2022-05-22 00:55:52,18.9048,-3.5265,87.73,18,2,3.6
42,Calatayud,ES,2022-05-22 00:55:53,41.3535,-1.6432,73.49,29,98,5.3
43,Coihaique,CL,2022-05-22 00:55:53,-45.5752,-72.0662,34.41,100,100,4.61
44,Fort Nelson,CA,2022-05-22 00:55:54,58.8053,-122.7002,67.59,19,75,8.05
45,Ribeira Grande,PT,2022-05-22 00:55:55,38.5167,-28.7,64.76,94,100,2.82
46,Kirakira,SB,2022-05-22 00:56:56,-10.4544,161.9205,85.3,65,12,5.08
47,Srandakan,ID,2022-05-22 00:56:56,-7.9386,110.2506,79.7,80,95,3.31
48,Columbia,US,2022-05-22 00:53:40,34.0007,-81.0348,74.23,94,75,1.99
49,Leander,US,2022-05-22 00:56:57,30.5788,-97.8531,90.93,55,100,1.01
50,Puerto Ayora,EC,2022-05-22 00:56:57,-0.7393,-90.3518,71.55,94,100,7.65
51,Bonthe,SL,2022-05-22 00:56:58,7.5264,-12.505,75.63,92,100,4.38
52,Vaini,TO,2022-05-22 00:56:58,-21.2,-175.2,82.56,69,75,5.75
53,Salalah,OM,2022-05-22 00:56:59,17.0151,54.0924,79.36,83,41,4.05
54,Kavieng,PG,2022-05-22 00:57:00,-2.5744,150.7967,85.12,64,94,14.74
55,Yellowknife,CA,2022-05-22 00:55:02,62.456,-114.3525,50.52,53,75,5.75
56,Cochrane,CA,2022-05-22 00:56:18,51.1834,-114.4687,52.9,33,75,5.75
57,Timbo,BR,2022-05-22 00:57:01,-26.8233,-49.2717,54.72,96,0,1.25
58,Bluff,NZ,2022-05-22 00:57:01,-46.6,168.3333,49.64,63,99,27.69
59,Ballina,AU,2022-05-22 00:57:02,-28.8667,153.5667,64.78,81,100,13.78
60,Khatanga,RU,2022-05-22 00:57:02,71.9667,102.5,36.05,89,100,6.49
61,Pevek,RU,2022-05-22 00:57:03,69.7008,170.3133,35.92,93,96,5.66
62,Suntar,RU,2022-05-22 00:57:03,62.1444,117.6319,58.84,53,100,4.81
63,Kenora,CA,2022-05-22 00:56:23,49.8167,-94.4337,41.97,65,100,6.91
64,Jamestown,US,2022-05-22 00:56:00,42.097,-79.2353,65.84,93,100,4.61
65,Boguchany,RU,2022-05-22 00:57:04,58.3814,97.4531,55.0,52,8,7.92
66,Dikson,RU,2022-05-22 00:57:05,73.5069,80.5464,24.78,93,28,8.46
67,Hermanus,ZA,2022-05-22 00:57:05,-34.4187,19.2345,56.82,78,7,7.43
68,Saskylakh,RU,2022-05-22 00:57:06,71.9167,114.0833,34.68,100,99,5.19
69,Port Alfred,ZA,2022-05-22 00:57:06,-33.5906,26.891,57.61,81,4,6.62
70,Te Anau,NZ,2022-05-22 00:57:07,-45.4167,167.7167,46.98,87,100,4.18
71,Bubaque,GW,2022-05-22 00:57:07,11.2833,-15.8333,78.6,78,100,12.53
72,Gazli,UZ,2022-05-22 00:57:08,40.1333,63.45,59.34,40,0,5.53
73,Hobart,AU,2022-05-22 00:57:08,-42.8794,147.3294,52.27,82,75,14.97
74,Corinto,GR,2022-05-22 00:57:09,37.9407,22.9573,61.41,56,89,3.58
75,Porterville,US,2022-05-22 00:54:40,36.0652,-119.0168,88.52,13,0,5.86
76,Dingle,PH,2022-05-22 00:57:09,10.9995,122.6711,82.49,79,100,5.97
77,Hilo,US,2022-05-22 00:55:05,19.7297,-155.09,90.28,84,38,4.0
78,Tasiilaq,GL,2022-05-22 00:57:10,65.6145,-37.6368,31.33,73,100,1.34
79,Ushuaia,AR,2022-05-22 00:57:10,-54.8,-68.3,37.06,81,0,1.14
80,Isangel,VU,2022-05-22 00:57:11,-19.55,169.2667,82.51,78,40,9.22
81,General Roca,AR,2022-05-22 00:53:39,-39.0333,-67.5833,53.62,31,88,7.81
82,Latung,PH,2022-05-22 00:57:12,5.5,120.8833,78.8,86,100,6.71
83,Kjollefjord,NO,2022-05-22 00:57:12,70.9457,27.3465,41.05,94,100,5.14
84,Arraial Do Cabo,BR,2022-05-22 00:54:12,-22.9661,-42.0278,69.78,70,22,6.31
85,Shivrajpur,IN,2022-05-22 00:57:13,22.4167,73.65,80.56,74,6,17.43
86,Chokurdakh,RU,2022-05-22 00:57:13,70.6333,147.9167,34.27,100,100,2.82
87,Chernyshevskiy,RU,2022-05-22 00:57:14,63.0128,112.4714,57.18,50,96,5.99
88,Busselton,AU,2022-05-22 00:54:36,-33.65,115.3333,64.26,75,1,16.64
89,Ancud,CL,2022-05-22 00:57:15,-41.8697,-73.8203,53.2,93,100,24.61
90,Kapaa,US,2022-05-22 00:58:15,22.0752,-159.319,83.12,78,24,4.0
91,Manta,EC,2022-05-22 00:58:16,-0.95,-80.7333,76.78,88,100,10.36
92,Sao Joao Da Barra,BR,2022-05-22 00:58:16,-21.6403,-41.0511,67.05,78,7,4.38
93,Payo,ID,2022-05-22 00:58:17,-3.7508,103.6372,78.78,83,99,0.87
94,Long Beach,US,2022-05-22 00:58:17,33.767,-118.1892,70.29,72,40,10.36
95,Nikolskoye,RU,2022-05-22 00:58:18,59.7035,30.7861,42.69,75,0,5.79
96,New Norfolk,AU,2022-05-22 00:58:18,-42.7826,147.0587,51.93,67,100,2.62
97,Saldanha,ZA,2022-05-22 00:58:19,-33.0117,17.9442,46.45,80,75,4.94
98,Ilulissat,GL,2022-05-22 00:58:19,69.2167,-51.1,29.84,80,100,6.53
99,Milkovo,RU,2022-05-22 00:58:20,54.7167,158.6167,44.73,79,100,2.15
100,Luderitz,NA,2022-05-22 00:58:20,-26.6481,15.1594,56.28,59,13,8.9
101,Eyl,SO,2022-05-22 00:58:21,7.9803,49.8164,83.82,61,85,21.81
102,Tateyama,JP,2022-05-22 00:58:21,34.9833,139.8667,62.28,87,100,17.45
103,Porbandar,IN,2022-05-22 00:58:22,21.6422,69.6093,82.9,78,50,21.79
104,Alexandria,EG,2022-05-22 00:54:41,31.2156,29.9553,66.79,62,0,14.14
105,Cape Town,ZA,2022-05-22 00:56:37,-33.9258,18.4232,55.11,88,0,2.3
106,Bhatapara,IN,2022-05-22 00:58:23,21.7333,81.9333,90.81,34,1,6.78
107,Vao,NC,2022-05-22 00:58:23,-22.6667,167.4833,73.69,87,99,26.84
108,Pokhara,NP,2022-05-22 00:58:24,28.2333,83.9833,70.86,70,8,0.94
109,Henties Bay,NA,2022-05-22 00:58:24,-22.116,14.2845,56.1,77,0,7.25
110,Torbay,CA,2022-05-22 00:58:25,47.6666,-52.7314,56.17,50,75,6.91
111,Vezirkopru,TR,2022-05-22 00:58:26,41.1436,35.4547,48.69,69,0,2.17
112,Southbridge,US,2022-05-22 00:58:26,42.0751,-72.0334,77.86,85,0,6.87
113,Georgetown,MY,2022-05-22 00:55:54,5.4112,100.3354,85.93,87,20,3.44
114,Inuvik,CA,2022-05-22 00:58:27,68.3499,-133.7218,38.16,73,100,8.05
115,Urusha,RU,2022-05-22 00:58:27,54.05,122.9,45.21,89,100,8.14
116,Lebu,CL,2022-05-22 00:58:28,-37.6167,-73.65,52.27,89,100,11.18
117,Cayenne,GF,2022-05-22 00:53:48,4.9333,-52.3333,79.09,1,75,3.44
118,Chebsara,RU,2022-05-22 00:58:29,59.2002,38.8356,24.98,80,10,5.53
119,Ulladulla,AU,2022-05-22 00:58:29,-35.35,150.4667,59.77,79,100,9.95
120,Honningsvag,NO,2022-05-22 00:58:30,70.9821,25.9704,40.75,87,88,3.44
121,Butaritari,KI,2022-05-22 00:58:30,3.0707,172.7902,80.89,80,100,11.3
122,Buraydah,SA,2022-05-22 00:58:31,26.326,43.975,84.65,16,0,11.25
123,Lakes Entrance,AU,2022-05-22 00:58:31,-37.8811,147.981,54.16,69,0,2.46
124,Beloha,MG,2022-05-22 00:58:32,-25.1667,45.05,65.95,47,0,4.41
125,Yinchuan,CN,2022-05-22 00:58:13,38.4681,106.2731,72.45,38,1,6.49
126,Saedinenie,BG,2022-05-22 00:58:33,42.2667,24.55,60.55,77,75,4.61
127,Talcahuano,CL,2022-05-22 00:58:33,-36.7167,-73.1167,53.28,94,0,3.44
128,Clyde River,CA,2022-05-22 00:58:34,70.4692,-68.5914,21.43,86,100,6.91
129,Julio De Castilhos,BR,2022-05-22 00:58:34,-29.2269,-53.6817,48.97,84,98,2.37
130,Nemuro,JP,2022-05-22 00:58:35,43.3236,145.575,52.12,93,98,10.78
131,Laguna,US,2022-05-22 00:58:35,38.421,-121.4238,89.15,12,0,8.05
132,Castro,BR,2022-05-22 00:58:36,-24.7911,-50.0119,46.06,77,5,1.66
133,Ponta Do Sol,PT,2022-05-22 00:58:36,32.6667,-17.1,66.7,83,94,2.53
134,Mananjary,MG,2022-05-22 00:58:37,-21.2167,48.3333,64.72,92,14,4.63
135,Ostrovnoy,RU,2022-05-22 00:59:37,68.0531,39.5131,30.16,74,27,8.52
136,Souillac,MU,2022-05-22 00:59:38,-20.5167,57.5167,70.18,83,20,2.3
137,Nishihara,JP,2022-05-22 00:59:38,26.1842,127.7558,76.28,73,20,11.5
138,Xining,CN,2022-05-22 00:57:20,36.6167,101.7667,56.98,55,0,2.3
139,Bose,IT,2022-05-22 00:59:39,45.4612,8.0137,68.76,73,23,4.23
140,Deputatskiy,RU,2022-05-22 00:59:39,69.3,139.9,31.37,100,100,1.77
141,Salisbury,GB,2022-05-22 00:56:21,51.0693,-1.7957,53.46,86,100,2.3
142,Aklavik,CA,2022-05-22 00:59:40,68.2191,-135.0107,36.36,83,99,6.26
143,Bengkulu,ID,2022-05-22 00:58:58,-3.8004,102.2655,79.18,77,28,3.04
144,Marquette,US,2022-05-22 00:59:41,46.5333,-87.6335,40.68,66,97,4.0
145,Paragominas,BR,2022-05-22 00:58:16,-2.9667,-47.4833,69.35,95,100,1.39
146,Lompoc,US,2022-05-22 00:59:41,34.6391,-120.4579,72.7,66,1,7.0
147,San Angelo,US,2022-05-22 00:59:42,31.4638,-100.437,81.41,33,0,8.01
148,Atbasar,KZ,2022-05-22 00:59:42,51.8,68.3333,49.39,71,100,13.87
149,Pionerskiy,RU,2022-05-22 00:59:43,54.9508,20.2275,48.04,92,100,25.17
150,Barrow,US,2022-05-22 00:59:44,71.2906,-156.7887,30.61,80,100,10.54
151,Mar Del Plata,AR,2022-05-22 00:59:44,-38.0023,-57.5575,50.95,90,88,4.0
152,Manaure,CO,2022-05-22 00:59:45,11.7751,-72.4445,82.18,67,0,19.91
153,Osijek,HR,2022-05-22 00:59:45,45.5511,18.6939,66.22,88,40,5.75
154,Uvat,RU,2022-05-22 00:59:46,59.1433,68.8953,50.85,89,100,11.68
155,Jurbise,BE,2022-05-22 00:59:46,50.5332,3.9108,54.21,91,20,1.14
156,Shieli,KZ,2022-05-22 00:59:47,44.1667,66.75,57.43,55,7,10.6
157,Sitka,US,2022-05-22 00:59:47,57.0531,-135.33,59.18,53,63,3.02
158,Tashtyp,RU,2022-05-22 00:59:48,52.7939,89.8983,61.18,49,100,3.76
159,Provideniya,RU,2022-05-22 00:59:48,64.3833,-173.3,52.07,46,100,9.01
160,Pangody,RU,2022-05-22 00:59:49,65.85,74.4859,34.38,87,100,9.84
161,Port Elizabeth,ZA,2022-05-22 00:59:49,-33.918,25.5701,52.11,93,0,4.61
162,Sfantu Gheorghe,RO,2022-05-22 00:59:50,45.8667,25.7833,61.66,93,98,4.09
163,Half Moon Bay,US,2022-05-22 00:59:50,37.4636,-122.4286,82.54,69,0,14.97
164,Varkaus,FI,2022-05-22 00:59:51,62.3153,27.873,38.3,75,2,3.76
165,Nicoya,CR,2022-05-22 00:59:51,10.1483,-85.452,78.12,87,100,0.92
166,Andra,RU,2022-05-22 00:59:52,62.5147,65.8878,38.79,90,100,19.51
167,Doha,QA,2022-05-22 00:59:51,25.2867,51.5333,91.38,21,0,17.27
168,Cockburn Town,TC,2022-05-22 00:59:53,21.4612,-71.1419,79.48,83,100,17.98
169,Odweyne,SO,2022-05-22 00:59:53,9.4092,45.064,74.43,61,100,11.83
170,Thompson,CA,2022-05-22 00:59:53,55.7435,-97.8558,53.76,28,40,10.36
171,Sinnamary,GF,2022-05-22 00:59:54,5.3833,-52.95,77.41,87,100,11.99
172,Likasi,CD,2022-05-22 00:55:08,-10.9814,26.7333,59.05,81,68,2.37
173,Myitkyina,MM,2022-05-22 00:59:55,25.3833,97.4,75.94,89,27,2.33
174,Carnarvon,AU,2022-05-22 00:59:55,-24.8667,113.6333,74.01,61,64,18.52
175,Ushtobe,KZ,2022-05-22 00:59:56,45.2514,77.9838,70.11,54,0,7.78
176,Pesca,CO,2022-05-22 00:59:56,5.55,-73.05,51.75,97,92,3.65
177,Srednekolymsk,RU,2022-05-22 00:59:57,67.45,153.6833,57.63,40,100,10.2
178,Scarborough,GB,2022-05-22 00:59:57,54.2797,-0.4044,53.78,83,93,5.01
179,Kupang,ID,2022-05-22 00:59:58,-10.1667,123.5833,84.58,61,10,12.26
180,Mehamn,NO,2022-05-22 00:59:58,71.0357,27.8492,39.11,96,100,9.98
181,East London,ZA,2022-05-22 00:59:59,-33.0153,27.9116,59.11,79,26,3.74
182,Matamoros,MX,2022-05-22 01:00:34,25.5333,-103.25,90.84,7,0,12.35
183,Saint-Pierre,RE,2022-05-22 00:58:09,-21.3393,55.4781,69.48,73,0,9.22
184,Quimperle,FR,2022-05-22 01:01:00,47.8667,-3.55,58.98,71,0,9.22
185,Bari,IT,2022-05-22 01:01:00,41.1177,16.8512,70.25,73,0,5.75
186,Omsukchan,RU,2022-05-22 01:01:01,62.5333,155.8,35.38,82,92,8.97
187,Kaeo,NZ,2022-05-22 01:01:02,-35.1,173.7833,64.27,61,100,8.93
188,Mayo,US,2022-05-22 01:01:02,38.8876,-76.5119,86.16,75,0,9.22
189,Bowen,AU,2022-05-22 01:01:02,-20.0167,148.2333,75.63,71,62,13.15
190,Buin,CL,2022-05-22 01:01:03,-33.7333,-70.75,61.74,44,100,2.21
191,Kiruna,SE,2022-05-22 01:01:03,67.8557,20.2251,38.32,93,100,5.75
192,Maneciu,RO,2022-05-22 01:01:04,45.3167,25.9833,60.13,68,51,8.34
193,Yatou,CN,2022-05-22 01:01:04,37.15,122.3833,80.78,38,0,10.22
194,Krasnoarmeysk,RU,2022-05-22 01:01:05,51.0239,45.6969,45.59,60,100,5.91
195,Petropavlovsk-Kamchatskiy,RU,2022-05-22 01:01:05,53.0452,158.6483,43.39,81,75,6.71
196,Iquitos,PE,2022-05-22 01:01:06,-3.7481,-73.2472,75.58,81,99,1.12
197,Tiksi,RU,2022-05-22 01:01:06,71.6872,128.8694,30.36,93,100,4.79
198,Nanortalik,GL,2022-05-22 01:01:07,60.1432,-45.2371,38.35,84,100,2.28
199,Beringovskiy,RU,2022-05-22 01:01:07,63.05,179.3167,38.25,83,100,10.47
200,Kruisfontein,ZA,2022-05-22 01:01:08,-34.0033,24.7314,49.89,86,0,4.99
201,Fereydunshahr,IR,2022-05-22 01:01:08,32.941,50.121,45.66,22,83,2.15
202,Yerkoy,TR,2022-05-22 01:01:09,39.6381,34.4672,54.39,63,0,1.63
203,Djenne,ML,2022-05-22 01:01:09,13.9061,-4.5533,88.2,39,100,7.05
204,Pozo Colorado,PY,2022-05-22 01:01:10,-23.4923,-58.7972,57.97,68,100,5.44
205,Casas Grandes,MX,2022-05-22 01:01:10,30.3667,-107.95,86.45,6,0,16.31
206,La Ronge,CA,2022-05-22 00:56:24,55.1001,-105.2842,59.25,14,75,9.22
207,Vilhena,BR,2022-05-22 01:00:08,-12.7406,-60.1458,64.49,80,4,1.63
208,Kaitangata,NZ,2022-05-22 01:01:13,-46.2817,169.8464,47.97,87,100,13.94
209,Patti,IN,2022-05-22 01:01:13,31.2808,74.8572,77.07,39,0,6.33
210,Impfondo,CG,2022-05-22 01:01:13,1.6381,18.0667,70.12,91,100,2.55
211,Touros,BR,2022-05-22 01:01:14,-5.1989,-35.4608,76.26,86,3,9.28
212,Mantua,IT,2022-05-22 01:01:15,45.1667,10.7833,72.64,84,13,1.99
213,Cidreira,BR,2022-05-22 01:01:15,-30.1811,-50.2056,56.3,81,87,5.44
214,Shiki,JP,2022-05-22 01:01:15,35.8333,139.5833,66.97,81,100,8.37
215,San Andres,CO,2022-05-22 01:01:16,12.5847,-81.7006,78.04,85,100,8.05
216,Faanui,PF,2022-05-22 01:01:17,-16.4833,-151.75,80.91,70,12,10.04
217,Chifeng,CN,2022-05-22 01:01:17,42.2683,118.9636,73.53,18,5,7.72
218,Bull Savanna,JM,2022-05-22 01:01:18,17.8868,-77.5902,74.91,84,91,12.8
219,Yamada,JP,2022-05-22 01:01:18,39.4667,141.95,57.94,92,100,3.13
220,Numan,NG,2022-05-22 01:01:19,9.4667,12.0333,82.04,61,95,8.7
221,Bolshoy Lug,RU,2022-05-22 01:01:19,52.0779,104.0919,57.38,40,99,4.41
222,Bambous Virieux,MU,2022-05-22 01:01:20,-20.3428,57.7575,71.22,74,15,12.73
223,Conde,BR,2022-05-22 01:01:20,-7.2597,-34.9075,73.78,90,100,9.37
224,Lavrentiya,RU,2022-05-22 01:01:21,65.5833,-171.0,37.98,93,94,9.69
225,Kodiak,US,2022-05-22 01:01:21,57.79,-152.4072,44.24,96,100,31.14
226,Priiskovyy,RU,2022-05-22 01:01:22,51.9333,116.6333,56.23,79,100,15.12
227,Cave Spring,US,2022-05-22 01:01:22,37.2276,-80.0128,71.71,91,100,3.44
228,Vanimo,PG,2022-05-22 01:02:23,-2.6741,141.3028,81.66,83,100,2.86
229,Gladstone,AU,2022-05-22 01:02:23,-23.85,151.25,75.13,60,40,10.36
230,Mandurah,AU,2022-05-22 01:00:32,-32.55,115.7,62.91,65,0,15.37
231,Makakilo City,US,2022-05-22 00:59:07,21.3469,-158.0858,82.62,62,87,5.39
232,Araguacu,BR,2022-05-22 01:02:24,-12.9306,-49.8264,64.76,41,0,3.24
233,Necochea,AR,2022-05-22 01:00:10,-38.5473,-58.7368,50.09,77,0,4.54
234,Sumenep,ID,2022-05-22 01:02:25,-7.0167,113.8667,84.13,71,38,12.73
235,Shakiso,ET,2022-05-22 01:02:25,5.75,38.9167,59.31,99,100,0.81
236,Abilene,US,2022-05-22 01:02:26,32.4487,-99.7331,75.78,42,0,13.8
237,Ormara,PK,2022-05-22 01:02:26,25.2088,64.6357,81.0,92,20,16.2
238,Kitimat,CA,2022-05-22 01:00:16,54.0524,-128.6534,69.91,30,1,1.99
239,Ukiah,US,2022-05-22 01:00:03,39.1502,-123.2078,83.44,39,14,6.98
240,Tumut,AU,2022-05-22 01:02:27,-35.3,148.2167,62.51,51,55,1.5
241,Airai,TL,2022-05-22 01:02:28,-8.9266,125.4092,70.18,52,34,4.72
242,Anqing,CN,2022-05-22 01:02:28,30.5092,117.0506,75.34,64,100,1.34
243,Sorong,ID,2022-05-22 01:00:22,-0.8833,131.25,81.72,78,100,2.04
244,Tautira,PF,2022-05-22 01:02:29,-17.7333,-149.15,79.48,73,16,9.62
245,Virginia Beach,US,2022-05-22 01:00:00,36.8529,-75.978,78.82,87,100,2.95
246,Khani,GE,2022-05-22 01:02:30,41.9563,42.9566,44.17,66,0,6.4
247,Norman Wells,CA,2022-05-22 01:02:30,65.282,-126.8329,42.84,87,75,10.36
248,Murindo,CO,2022-05-22 01:02:31,6.9848,-76.7544,76.8,93,100,2.26
249,Talnakh,RU,2022-05-22 01:02:31,69.4865,88.3972,42.21,96,99,1.36
250,Santiago De Cuba,CU,2022-05-22 01:02:32,20.0247,-75.8219,77.74,91,100,2.42
251,Kiunga,PG,2022-05-22 01:02:32,-6.1219,141.2906,83.79,72,87,3.51
252,Codrington,AU,2022-05-22 01:02:33,-38.2667,141.9667,55.38,67,6,6.29
253,Den Helder,NL,2022-05-22 01:01:35,52.9599,4.7593,51.78,98,67,5.01
254,Denpasar,ID,2022-05-22 01:01:44,-8.65,115.2167,82.06,83,20,3.44
255,Rio Grande,BR,2022-05-22 01:02:33,-32.035,-52.0986,49.95,76,100,5.3
256,Saint Helens,GB,2022-05-22 01:02:34,53.45,-2.7333,56.03,78,82,5.03
257,Dingzhou,CN,2022-05-22 01:02:34,38.5131,114.9956,85.05,21,11,4.43
258,Cotonou,BJ,2022-05-22 01:00:14,6.3654,2.4183,77.77,87,100,9.78
259,Sechura,PE,2022-05-22 01:02:35,-5.5569,-80.8222,68.41,75,99,15.3
260,Misratah,LY,2022-05-22 01:02:35,32.3754,15.0925,65.91,49,0,3.71
261,Waingapu,ID,2022-05-22 01:02:36,-9.6567,120.2641,83.8,67,16,12.95
262,Senanga,ZM,2022-05-22 01:02:36,-16.1167,23.2667,48.27,35,7,5.82
263,College,US,2022-05-22 01:02:37,64.8569,-147.8028,76.59,30,100,1.01
264,Cherskiy,RU,2022-05-22 01:02:37,68.75,161.3,57.94,39,15,15.7
265,Adrar,MR,2022-05-22 01:02:38,20.5022,-10.0711,87.51,10,0,2.86
266,Teluknaga,ID,2022-05-22 01:02:38,-6.0989,106.6381,82.63,88,40,2.3
267,Chuy,UY,2022-05-22 01:02:39,-33.6971,-53.4616,52.11,87,100,6.24
268,Nouadhibou,MR,2022-05-22 01:02:39,20.931,-17.0347,65.53,91,86,20.87
269,Watertown,US,2022-05-22 00:57:49,42.3709,-71.1828,77.99,83,12,3.0
270,Pochutla,MX,2022-05-22 01:02:40,15.7432,-96.4661,83.82,64,90,7.76
271,Jacareacanga,BR,2022-05-22 01:02:40,-6.2222,-57.7528,75.18,75,95,1.1
272,Jablanica,BA,2022-05-22 01:02:41,43.6603,17.7617,64.35,93,100,4.94
273,Broken Hill,AU,2022-05-22 01:02:31,-31.95,141.4333,61.29,63,23,12.03
274,San Quintin,MX,2022-05-22 01:02:41,30.4833,-115.95,61.77,67,100,7.54
275,Bonnyville,CA,2022-05-22 00:59:57,54.2668,-110.735,58.8,43,63,6.96
276,Grindavik,IS,2022-05-22 01:03:42,63.8424,-22.4338,43.27,93,0,13.8
277,Changji,CN,2022-05-22 01:03:43,44.0167,87.3167,75.99,25,0,6.71
278,Le Port,RE,2022-05-22 01:03:43,-20.9373,55.2919,71.56,77,3,2.89
279,Sept-Iles,CA,2022-05-22 01:03:44,50.2001,-66.3821,46.92,97,100,2.3
280,Shihezi,CN,2022-05-22 01:03:44,44.3,86.0333,77.81,24,100,5.68
281,Quelimane,MZ,2022-05-22 01:03:45,-17.8786,36.8883,70.7,86,60,7.72
282,Geraldton,AU,2022-05-22 01:03:45,-28.7667,114.6,59.41,88,40,12.66
283,Ossora,RU,2022-05-22 01:03:46,59.2353,163.0719,37.74,96,100,3.85
284,Kasaoka,JP,2022-05-22 01:03:46,34.5,133.5,75.88,59,0,8.52
285,Roald,NO,2022-05-22 01:03:47,62.5833,6.1333,51.33,93,100,6.91
286,Gravdal,NO,2022-05-22 01:03:47,68.1214,13.5031,45.72,87,100,5.44
287,Marzuq,YE,2022-05-22 01:03:48,14.4,46.4667,74.43,27,81,2.73
288,Lagoa,PT,2022-05-22 01:03:07,39.05,-27.9833,62.96,94,100,3.67
289,Abhar,IR,2022-05-22 01:03:48,36.1468,49.218,47.7,48,11,7.72
290,Pulaski,US,2022-05-22 01:03:49,34.7668,-92.3001,84.31,65,75,9.22
291,Kavaratti,IN,2022-05-22 01:03:50,10.5669,72.642,83.28,78,97,18.59
292,Manavalakurichi,IN,2022-05-22 01:03:50,8.1333,77.3,79.07,85,11,13.58
293,Muzhi,RU,2022-05-22 01:03:51,65.3667,64.6667,31.77,80,100,15.43
294,Uyemskiy,RU,2022-05-22 01:03:51,64.4743,40.8524,30.25,68,100,4.47
295,Daman,IN,2022-05-22 01:03:52,20.4167,72.85,82.98,73,100,14.41
296,Inhambane,MZ,2022-05-22 01:03:52,-23.865,35.3833,70.84,91,100,7.23
297,Kahului,US,2022-05-22 01:03:53,20.8947,-156.47,87.82,59,20,24.16
298,Westport,US,2022-05-22 01:01:25,41.1415,-73.3579,79.93,71,4,1.01
299,Alzamay,RU,2022-05-22 01:03:53,55.5562,98.6644,56.12,66,100,5.55
300,Sao Filipe,CV,2022-05-22 01:03:54,14.8961,-24.4956,72.1,80,41,6.96
301,Atar,MR,2022-05-22 01:03:54,20.5169,-13.0499,87.91,18,0,6.38
302,Padang,ID,2022-05-22 01:00:28,-0.9492,100.3543,77.05,80,69,1.48
303,Waterloo,CA,2022-05-22 01:02:37,43.4668,-80.5164,65.53,87,100,3.0
304,Am Timan,TD,2022-05-22 01:03:55,11.0297,20.2827,81.86,53,39,7.31
305,Yambio,SS,2022-05-22 01:03:56,4.5721,28.3955,66.24,98,100,3.02
306,Hobyo,SO,2022-05-22 01:03:56,5.3505,48.5268,79.75,78,73,23.53
307,Okhotsk,RU,2022-05-22 01:03:57,59.3833,143.3,34.02,99,100,8.12
308,Ca Mau,VN,2022-05-22 01:03:57,9.1769,105.15,81.14,84,100,5.68
309,Hofn,IS,2022-05-22 01:03:11,64.2539,-15.2082,46.83,85,100,14.41
310,Puquio,PE,2022-05-22 01:03:58,-14.7,-74.1333,47.71,62,100,2.06
311,Iquique,CL,2022-05-22 01:03:58,-20.2208,-70.1431,62.64,76,41,2.01
312,Mahibadhoo,MV,2022-05-22 01:03:59,3.7833,72.9667,82.72,78,88,11.99
313,Armidale,AU,2022-05-22 01:04:00,-30.5167,151.65,49.41,94,100,10.16
314,Mitsamiouli,KM,2022-05-22 01:04:00,-11.3847,43.2844,78.6,74,59,3.27
315,Edd,ER,2022-05-22 01:04:00,13.9297,41.6925,86.29,53,33,5.73
316,Eenhana,NA,2022-05-22 01:04:01,-17.4667,16.3333,47.25,25,0,7.47
317,Port Hardy,CA,2022-05-22 01:03:19,50.6996,-127.4199,56.35,62,5,8.57
318,Port Shepstone,ZA,2022-05-22 01:04:02,-30.7414,30.455,62.42,82,100,16.04
319,Meadow Lake,US,2022-05-22 01:04:02,34.8014,-106.5436,71.08,11,99,9.91
320,Hanzhong,CN,2022-05-22 01:05:03,33.0728,107.0303,67.5,80,79,2.06
321,Port Lincoln,AU,2022-05-22 01:05:03,-34.7333,135.8667,62.92,69,76,11.88
322,Iki-Burul,RU,2022-05-22 01:05:04,45.8208,44.6472,50.49,71,79,14.23
323,Los Llanos De Aridane,ES,2022-05-22 01:05:04,28.6585,-17.9182,65.95,80,75,13.8
324,Vila Franca Do Campo,PT,2022-05-22 01:05:05,37.7167,-25.4333,64.81,96,100,5.19
325,Vardo,NO,2022-05-22 01:03:09,70.3705,31.1107,39.18,87,100,16.11
326,Novobirilyussy,RU,2022-05-22 01:05:06,56.9514,90.6661,58.96,47,96,2.3
327,Decatur,US,2022-05-22 01:03:19,39.8403,-88.9548,59.99,100,100,8.05
328,North Branch,US,2022-05-22 01:00:22,45.5113,-92.9802,53.58,56,95,5.99
329,Flinders,AU,2022-05-22 01:05:07,-34.5833,150.8552,63.18,85,65,5.99
330,Bima,ID,2022-05-22 01:05:08,-8.4667,118.7167,82.71,72,54,2.91
331,Leningradskiy,RU,2022-05-22 01:05:08,69.3833,178.4167,33.93,97,100,11.21
332,Pulandian,CN,2022-05-22 01:05:09,39.3953,121.9669,77.18,39,2,1.05
333,San Patricio,US,2022-05-22 01:03:39,28.017,-97.5169,86.72,81,0,14.7
334,Lalmohan,BD,2022-05-22 01:05:09,22.3384,90.7419,85.24,81,94,13.11
335,Vertientes,CU,2022-05-22 01:05:10,21.2594,-78.1464,81.21,89,100,12.48
336,Maragogi,BR,2022-05-22 01:05:10,-9.0122,-35.2225,76.14,87,100,12.41
337,Reconquista,AR,2022-05-22 01:05:11,-29.15,-59.65,55.51,81,100,6.49
338,Pisco,PE,2022-05-22 01:05:11,-13.7,-76.2167,64.02,88,75,4.61
339,Waddan,LY,2022-05-22 01:05:12,29.1614,16.139,64.74,33,0,6.67
340,Upernavik,GL,2022-05-22 01:05:12,72.7868,-56.1549,30.65,83,100,4.45
341,Nisia Floresta,BR,2022-05-22 01:05:13,-6.0911,-35.2086,77.81,90,19,7.25
342,Mahebourg,MU,2022-05-22 01:05:13,-20.4081,57.7,71.26,75,11,12.68
343,Tacuarembo,UY,2022-05-22 01:00:26,-31.7333,-55.9833,50.86,86,100,3.02
344,Moranbah,AU,2022-05-22 01:05:14,-22.0016,148.0466,65.41,83,97,17.58
345,Rocha,UY,2022-05-22 01:05:15,-34.4833,-54.3333,49.78,87,2,4.81
346,Parana,AR,2022-05-22 01:01:06,-31.732,-60.5238,60.55,85,93,3.85
347,Ambilobe,MG,2022-05-22 01:05:15,-13.2,49.05,71.8,85,5,3.33
348,Alofi,NU,2022-05-22 01:05:16,-19.0595,-169.9187,79.03,74,35,7.54
349,Podstepki,RU,2022-05-22 01:05:16,53.5151,49.1355,39.38,78,75,5.79
350,Nome,US,2022-05-22 01:05:17,64.5011,-165.4064,64.47,32,0,12.66
351,Palana,RU,2022-05-22 01:05:17,59.1167,159.9667,39.38,85,100,2.24
352,Bjerkvik,NO,2022-05-22 01:05:18,68.5597,17.5189,42.62,87,43,5.48
353,Fernie,CA,2022-05-22 01:05:18,49.5,-115.0687,48.54,59,82,3.76
354,San Juan,AR,2022-05-22 01:05:19,-31.5375,-68.5364,57.04,29,96,1.81
355,Paciran,ID,2022-05-22 01:05:20,-6.8767,112.3761,82.51,77,39,10.65
356,Victoria,HK,2022-05-22 01:01:22,22.2855,114.1577,77.97,84,100,13.0
357,Jiuquan,CN,2022-05-22 01:05:20,39.7432,98.5174,69.3,21,0,1.34
358,Maksatikha,RU,2022-05-22 01:05:21,57.797,35.8825,29.82,94,6,5.28
359,Lufilufi,WS,2022-05-22 01:05:21,-13.8745,-171.5986,87.58,75,26,15.86
360,Sangar,RU,2022-05-22 01:05:22,63.9242,127.4739,48.79,67,77,8.28
361,Celestun,MX,2022-05-22 01:05:22,20.8667,-90.4,83.26,76,73,9.53
362,At-Bashi,KG,2022-05-22 01:05:23,41.1702,75.8106,48.2,65,61,2.06
363,Port Macquarie,AU,2022-05-22 01:06:23,-31.4333,152.9167,58.89,100,100,5.75
364,Weligama,LK,2022-05-22 01:06:24,5.9667,80.4167,79.9,85,61,11.14
365,Tromso,NO,2022-05-22 01:06:24,69.6496,18.957,45.37,81,100,2.3
366,Fuzhou,CN,2022-05-22 01:06:25,26.0614,119.3061,66.04,97,100,1.57
367,Port-Cartier,CA,2022-05-22 01:06:25,50.0334,-66.8654,46.62,99,95,1.16
368,Veraval,IN,2022-05-22 01:06:26,20.9,70.3667,83.95,72,92,20.47
369,Pangnirtung,CA,2022-05-22 01:06:26,66.1451,-65.7125,31.69,82,100,7.85
370,Ous,RU,2022-05-22 01:06:27,60.9058,61.5186,33.53,98,100,11.97
371,Batagay-Alyta,RU,2022-05-22 01:06:27,67.8006,130.4114,33.46,85,98,0.63
372,Riverton,US,2022-05-22 01:06:28,40.5219,-111.9391,64.15,16,0,11.5
373,Fort-Shevchenko,KZ,2022-05-22 01:06:28,44.5086,50.263,59.99,77,46,19.95
374,Sao Gabriel Da Cachoeira,BR,2022-05-22 01:06:28,-0.1303,-67.0892,69.84,100,100,0.98
375,Taoudenni,ML,2022-05-22 01:06:29,22.6783,-3.9836,89.82,9,0,14.7
376,Itamaraju,BR,2022-05-22 01:02:47,-17.0392,-39.5311,62.92,89,0,2.35
377,Hidalgo,MX,2022-05-22 01:06:29,20.5,-99.0,76.84,39,0,13.15
378,Olkhovka,RU,2022-05-22 01:06:30,53.2115,60.6069,38.46,80,85,9.06
379,Berdigestyakh,RU,2022-05-22 01:06:30,62.0989,126.6992,56.7,44,88,1.99
380,Umm Kaddadah,SD,2022-05-22 01:06:31,13.6017,26.6876,81.07,17,100,10.33
381,Paamiut,GL,2022-05-22 01:03:12,61.994,-49.6678,39.25,82,100,36.46
382,Kropotkin,RU,2022-05-22 01:06:31,45.4375,40.5756,49.84,69,19,9.71
383,Pacifica,US,2022-05-22 01:02:35,37.6138,-122.4869,74.48,70,20,21.85
384,Richards Bay,ZA,2022-05-22 01:06:32,-28.783,32.0377,62.6,85,100,18.25
385,Chumikan,RU,2022-05-22 01:06:32,54.7183,135.315,33.69,99,100,6.17
386,Kamenka,RU,2022-05-22 01:06:33,51.3223,42.7678,47.17,87,100,9.17
387,Mount Gambier,AU,2022-05-22 01:06:33,-37.8333,140.7667,57.09,60,2,5.06
388,Winnemucca,US,2022-05-22 01:06:34,40.973,-117.7357,68.05,10,0,9.22
389,Hami,CN,2022-05-22 01:06:34,42.8,93.45,80.8,19,7,6.76
390,Yilan,TW,2022-05-22 01:06:35,24.757,121.753,79.02,92,100,2.82
391,Iwanai,JP,2022-05-22 01:06:35,42.9744,140.5089,71.92,47,71,8.97
392,Esperance,AU,2022-05-22 01:06:36,-33.8667,121.9,65.84,64,47,16.87
393,Yerbogachen,RU,2022-05-22 01:06:36,61.2767,108.0108,57.6,63,85,1.92
394,Imuris,MX,2022-05-22 01:06:37,30.7833,-110.8667,83.64,20,0,16.87
395,Northam,GB,2022-05-22 01:06:37,51.0333,-4.2167,52.66,89,79,7.36
396,Zhob,PK,2022-05-22 01:06:38,31.3411,69.4481,70.12,21,0,1.83
397,Mitu,CO,2022-05-22 01:06:38,1.1983,-70.1733,70.97,99,100,2.21
398,Coahuayana,MX,2022-05-22 01:06:39,18.7333,-103.6833,79.05,72,43,5.06
399,Lasa,IT,2022-05-22 01:06:39,46.6166,10.7002,57.36,76,8,5.86
400,Mount Isa,AU,2022-05-22 01:06:40,-20.7333,139.5,74.97,53,91,13.8
401,Constitucion,CL,2022-05-22 01:06:40,-35.3333,-72.4167,53.58,71,100,6.04
402,Grand Gaube,MU,2022-05-22 01:06:41,-20.0064,57.6608,71.38,76,3,4.0
403,Pacific Grove,US,2022-05-22 01:04:00,36.6177,-121.9166,71.55,77,0,11.5
404,Kainantu,PG,2022-05-22 01:06:41,-6.2887,145.8655,75.11,57,42,4.27
405,Bam,IR,2022-05-22 01:06:42,29.106,58.357,77.45,21,0,22.32
406,Yulara,AU,2022-05-22 01:06:42,-25.2406,130.9889,62.26,37,1,10.54
407,Juneau,US,2022-05-22 01:06:43,58.3019,-134.4197,69.8,64,0,5.75
408,Miram Shah,PK,2022-05-22 01:06:43,33.0086,70.0697,74.68,17,0,8.28
409,Porto Novo,BJ,2022-05-22 01:06:44,6.4965,2.6036,76.5,89,100,5.21
410,Bambanglipuro,ID,2022-05-22 01:06:44,-7.95,110.2833,79.63,80,94,3.51
411,Marfino,RU,2022-05-22 01:06:45,55.7028,37.3822,43.05,52,0,15.66
412,Maldonado,UY,2022-05-22 01:04:16,-34.6667,-54.9167,55.22,88,0,4.83
413,Bignona,SN,2022-05-22 01:08:14,12.8103,-16.2264,75.63,72,96,8.46
414,Vila Velha,BR,2022-05-22 01:08:14,-20.3297,-40.2925,64.35,94,20,1.14
415,Marsh Harbour,BS,2022-05-22 01:08:15,26.5412,-77.0636,78.98,88,18,14.03
416,Saint-Augustin,CA,2022-05-22 01:08:15,51.226,-58.6502,46.87,81,100,16.73
417,Nelson Bay,AU,2022-05-22 01:08:15,-32.7167,152.15,64.11,95,100,1.99
418,Samarai,PG,2022-05-22 01:08:16,-10.6167,150.6667,82.78,75,95,7.85
419,Kaliua,TZ,2022-05-22 01:08:16,-5.0606,31.7936,64.9,78,100,2.37
420,Rivadavia,AR,2022-05-22 01:08:17,-33.1905,-68.4608,55.0,30,88,6.67
421,Avera,US,2022-05-22 01:08:17,33.194,-82.5271,78.85,83,100,9.73
422,Jishui,CN,2022-05-22 01:08:18,33.7333,115.4,80.78,37,100,8.68
423,Fonte Boa,BR,2022-05-22 01:08:18,-2.4959,-66.2662,72.0,99,100,1.74
424,Hambantota,LK,2022-05-22 01:08:19,6.1241,81.1185,77.34,100,20,6.91
425,Gizo,SB,2022-05-22 01:08:19,-8.103,156.8419,84.6,68,16,4.45
426,Derzhavinsk,KZ,2022-05-22 01:08:20,51.1,66.3167,44.06,81,91,18.63
427,Vanderhoof,CA,2022-05-22 01:08:20,54.0166,-124.0198,61.23,23,5,3.65
428,Kalyazin,RU,2022-05-22 01:08:21,57.2403,37.8433,28.02,94,5,7.58
429,Ekibastuz,KZ,2022-05-22 01:08:22,51.6667,75.3667,68.18,42,23,14.81
430,Svetlyy,RU,2022-05-22 01:08:22,54.675,20.1347,48.25,92,100,19.62
431,Porosozero,RU,2022-05-22 01:08:23,62.7191,32.727,28.26,73,87,4.18
432,Trinidad,BO,2022-05-22 01:06:42,-14.8333,-64.9,68.49,76,10,2.19
433,Altamira,BR,2022-05-22 01:08:24,-3.2033,-52.2064,71.91,98,93,0.38
434,Mujiayingzi,CN,2022-05-22 01:05:18,42.1167,118.7833,72.1,17,1,6.38
435,Tuatapere,NZ,2022-05-22 01:08:24,-46.1333,167.6833,47.26,79,100,16.04
436,Biak,ID,2022-05-22 01:06:04,-0.9131,122.8766,81.19,70,38,5.55
437,Barkhan,PK,2022-05-22 01:08:25,29.8977,69.5256,74.01,11,0,4.34
438,Prince Rupert,CA,2022-05-22 01:08:26,54.3161,-130.3201,59.2,48,1,3.36
439,Natal,BR,2022-05-22 01:04:05,-5.795,-35.2094,77.65,100,40,1.14
440,Hanmer Springs,NZ,2022-05-22 01:08:26,-42.5167,172.8167,51.53,64,36,13.94
441,Bontang,ID,2022-05-22 01:08:27,0.1333,117.5,75.96,94,100,4.54
442,Burgstadt,DE,2022-05-22 01:08:27,50.9167,12.8167,51.62,86,84,4.54
443,Paita,PE,2022-05-22 01:08:28,-5.0892,-81.1144,68.58,79,73,13.82
444,Sibolga,ID,2022-05-22 01:08:28,1.7427,98.7792,79.14,86,90,0.83
445,Naro Moru,KE,2022-05-22 01:08:29,-0.1676,37.0213,55.31,95,92,7.36
446,Peniche,PT,2022-05-22 01:08:29,39.3558,-9.3811,62.29,95,100,17.49
447,Rovaniemi,FI,2022-05-22 01:08:30,66.5,25.7167,47.61,66,0,6.91
448,Masallatah,LY,2022-05-22 01:08:30,32.6167,14.0,62.74,42,0,6.44
449,Nizwa,OM,2022-05-22 01:08:31,22.9333,57.5333,83.25,21,0,1.19
450,Talara,PE,2022-05-22 01:08:31,-4.5772,-81.2719,66.02,89,85,12.95
451,Yarqa,JO,2022-05-22 01:08:32,31.9785,35.6947,66.85,56,100,8.77
452,Ciudad Bolivar,VE,2022-05-22 01:08:32,8.1222,-63.5497,83.84,57,61,13.42
453,Bagdarin,RU,2022-05-22 01:08:33,54.4333,113.6,57.24,50,83,11.77
454,Tagusao,PH,2022-05-22 01:08:33,9.1924,117.8141,83.79,72,99,1.97
455,Slave Lake,CA,2022-05-22 01:08:34,55.2834,-114.769,51.39,31,99,3.51
456,Shuyskoye,RU,2022-05-22 01:08:34,59.3736,41.0305,24.85,84,38,4.92
457,Japura,ID,2022-05-22 01:08:35,-0.3167,102.35,77.31,94,94,1.63
458,Klaksvik,FO,2022-05-22 01:07:55,62.2266,-6.589,47.32,90,100,13.71
459,Rudbar,AF,2022-05-22 01:08:35,30.15,62.6,70.14,38,1,18.66
460,Viljoenskroon,ZA,2022-05-22 01:08:36,-27.2084,26.9485,48.58,86,75,7.29
461,Namibe,AO,2022-05-22 01:09:36,-15.1961,12.1522,68.05,62,81,3.8
462,Bandarbeyla,SO,2022-05-22 01:09:37,9.4942,50.8122,79.14,89,100,20.51
463,Voh,NC,2022-05-22 01:09:37,-20.9667,164.7,81.93,69,63,4.74
464,Russell,US,2022-05-22 01:04:43,32.3502,-85.1999,76.6,78,0,4.61
465,Puerto Escondido,MX,2022-05-22 01:09:38,15.85,-97.0667,81.43,69,40,6.91
466,Berlevag,NO,2022-05-22 01:09:39,70.8578,29.0864,39.15,87,100,8.05
467,Barra De Sao Francisco,BR,2022-05-22 01:08:20,-18.755,-40.8908,59.88,92,3,2.75
468,Uyuni,BO,2022-05-22 01:09:39,-20.4597,-66.825,40.64,20,97,9.44
469,Novocheremshansk,RU,2022-05-22 01:09:40,54.3571,50.1666,32.95,93,53,4.92
470,Kasur,PK,2022-05-22 01:09:40,31.1156,74.4467,80.71,38,0,4.09
471,Leh,IN,2022-05-22 01:09:41,34.1667,77.5833,43.18,57,9,3.27
472,Tungor,RU,2022-05-22 01:09:41,53.3808,142.9564,35.87,99,100,2.37
473,Viedma,AR,2022-05-22 01:09:42,-40.8135,-62.9967,53.73,45,99,12.8
474,Orlik,RU,2022-05-22 01:09:42,52.5178,99.825,56.82,42,13,4.18
475,Port Blair,IN,2022-05-22 01:09:43,11.6667,92.75,83.93,80,100,20.22
476,Marigot,MF,2022-05-22 01:09:43,18.0667,-63.0833,80.04,73,97,15.7
477,Takoradi,GH,2022-05-22 01:09:44,4.8845,-1.7554,75.45,93,100,4.88
478,Ewa Beach,US,2022-05-22 01:09:44,21.3156,-158.0072,85.95,61,75,14.97
479,Sindor,RU,2022-05-22 01:09:45,62.8629,51.8905,30.6,96,100,9.75
480,Eureka,US,2022-05-22 01:04:52,40.8021,-124.1637,59.2,76,36,8.01
481,Faya,SA,2022-05-22 01:09:45,18.3851,42.4509,64.92,12,76,6.26
482,Oktyabrskiy,RU,2022-05-22 01:09:46,54.4815,53.471,33.06,94,77,6.04
483,Okulovka,RU,2022-05-22 01:09:46,58.4008,33.2908,32.4,85,6,6.02
484,Erzin,TR,2022-05-22 01:09:47,36.9559,36.2,69.01,28,4,6.51
485,Gbarnga,LR,2022-05-22 01:09:47,6.9956,-9.4722,71.89,99,100,2.75
486,Ouesso,CG,2022-05-22 01:09:48,1.6136,16.0517,69.8,89,78,1.92
487,Resplendor,BR,2022-05-22 01:09:49,-19.3256,-41.2553,60.85,74,0,2.15
488,Praia Da Vitoria,PT,2022-05-22 01:09:49,38.7333,-27.0667,64.76,99,88,3.11
489,Axim,GH,2022-05-22 01:09:50,4.8699,-2.2405,75.31,94,100,3.51
490,Broome,US,2022-05-22 01:09:51,42.2506,-75.833,78.1,73,9,4.59
491,Tomatlan,MX,2022-05-22 01:09:51,19.9333,-105.25,80.19,60,0,6.62
492,Boende,CD,2022-05-22 01:09:52,-0.2167,20.8667,69.85,90,96,1.28
493,Goderich,CA,2022-05-22 01:09:52,43.7501,-81.7165,58.91,93,100,5.19
494,Karoi,ZW,2022-05-22 01:09:53,-16.8099,29.6925,60.75,79,44,4.29
495,Diego De Almagro,CL,2022-05-22 01:04:58,-26.3667,-70.05,57.43,47,0,0.04
496,Comodoro Rivadavia,AR,2022-05-22 01:09:53,-45.8667,-67.5,48.06,87,75,4.61
497,Sabang,ID,2022-05-22 01:09:54,5.8933,95.3214,83.17,79,51,21.94
498,Guerrero Negro,MX,2022-05-22 01:09:54,27.9769,-114.0611,64.9,69,78,15.35
499,Kilindoni,TZ,2022-05-22 01:09:55,-7.9139,39.6668,78.89,76,100,9.44
500,Manado,ID,2022-05-22 01:09:55,1.487,124.8455,86.77,70,20,3.44
501,Muscatine,US,2022-05-22 01:09:56,41.4667,-91.1335,62.76,48,0,8.05
502,Ilinskiy,RU,2022-05-22 01:09:56,55.619,38.1182,43.3,62,0,8.95
503,Christchurch,NZ,2022-05-22 01:09:57,-43.5333,172.6333,62.42,66,23,8.05
504,Nabire,ID,2022-05-22 01:09:57,-3.3667,135.4833,77.43,91,100,2.98
505,Plouzane,FR,2022-05-22 01:09:58,48.3833,-4.6167,53.92,93,0,8.05
506,Xuddur,SO,2022-05-22 01:09:58,4.1213,43.8894,71.22,87,62,12.17
507,Kutum,SD,2022-05-22 01:09:59,14.2,24.6667,75.04,18,35,11.68
508,Ishinomaki,JP,2022-05-22 01:10:59,38.4167,141.3,57.29,93,100,6.62
509,Bandar,ID,2022-05-22 01:11:00,2.05,99.75,78.85,84,78,1.28
510,George Town,MY,2022-05-22 01:11:00,5.4112,100.3354,85.95,74,20,1.14
511,Lere,NG,2022-05-22 01:11:02,10.387,8.5726,74.91,76,100,4.54
512,Boa Vista,BR,2022-05-22 01:11:02,2.8197,-60.6733,75.18,88,75,0.0
513,Mnogovershinnyy,RU,2022-05-22 01:11:03,53.9353,139.9242,32.18,94,100,6.67
514,Cherusti,RU,2022-05-22 01:11:03,55.5498,40.0107,36.91,76,76,6.51
515,Oshnaviyeh,IR,2022-05-22 01:11:04,37.0397,45.0983,48.25,49,100,2.68
516,Itaituba,BR,2022-05-22 01:11:04,-4.2761,-55.9836,72.34,96,94,0.85
517,Nerchinskiy Zavod,RU,2022-05-22 01:11:05,51.3088,119.61,65.03,26,100,19.17
518,Dachau,DE,2022-05-22 01:11:05,48.26,11.434,53.55,82,0,2.28
519,Alikovo,RU,2022-05-22 01:11:06,55.7383,46.7549,29.12,94,17,4.59
520,San Ignacio,BZ,2022-05-22 01:11:06,17.1561,-89.0714,91.54,55,20,6.91
521,Pocone,BR,2022-05-22 01:11:07,-16.2567,-56.6228,65.84,39,10,3.18
522,Atasu,KZ,2022-05-22 01:11:07,48.6814,71.6433,51.48,75,100,17.69
523,Juegang,CN,2022-05-22 01:11:08,32.3174,121.1855,77.95,55,100,6.8
524,Bagnols-Sur-Ceze,FR,2022-05-22 01:11:08,44.1599,4.6178,67.64,85,0,1.14
525,Belomorsk,RU,2022-05-22 01:11:09,64.5232,34.7668,30.43,76,47,4.52
526,Kushiro,JP,2022-05-22 01:11:09,42.975,144.3747,58.15,88,75,1.14
527,Thinadhoo,MV,2022-05-22 01:11:10,0.5333,72.9333,82.85,73,100,11.12
528,Fairbanks,US,2022-05-22 01:10:02,64.8378,-147.7164,76.6,26,75,6.91
529,Gushikawa,JP,2022-05-22 01:11:11,26.3544,127.8686,78.39,65,0,13.8
530,Sambava,MG,2022-05-22 01:11:11,-14.2667,50.1667,75.43,88,100,9.13
531,Mamlyutka,KZ,2022-05-22 01:11:12,54.9375,68.5394,48.58,75,100,13.11
532,Cessnock,AU,2022-05-22 01:08:14,-32.8333,151.35,62.1,89,100,5.73
533,Baracoa,CU,2022-05-22 01:11:13,20.3467,-74.4958,79.16,85,100,10.36
534,Novaya Igirma,RU,2022-05-22 01:11:13,57.1334,103.9112,55.0,57,100,5.03
535,Tuy Hoa,VN,2022-05-22 01:11:14,13.0833,109.3,82.13,78,100,7.99
536,Senneterre,CA,2022-05-22 01:11:14,48.3835,-77.2328,50.13,78,100,5.77
537,Dongning,CN,2022-05-22 01:11:15,44.0622,131.1207,67.64,44,96,10.4
538,Andenes,NO,2022-05-22 01:11:15,69.3143,16.1194,44.58,93,75,3.44
539,Quatre Cocos,MU,2022-05-22 01:11:16,-20.2078,57.7625,71.1,74,18,12.17
540,Buchanan,LR,2022-05-22 01:11:16,5.8808,-10.0467,76.15,89,100,6.11
541,Carepa,CO,2022-05-22 01:11:05,7.7585,-76.6525,76.57,96,50,2.37
542,Pachperwa,IN,2022-05-22 01:11:17,27.5167,82.65,81.41,59,83,17.22
543,Midland,US,2022-05-22 01:11:11,31.9974,-102.0779,80.13,24,0,16.11
544,Kununurra,AU,2022-05-22 01:11:18,-15.7667,128.7333,82.38,28,5,9.22
545,Ranong,TH,2022-05-22 01:11:18,9.9658,98.6348,82.02,85,100,16.08
546,Nara,JP,2022-05-22 01:11:19,34.6851,135.8049,72.7,43,30,6.62
547,Ahuimanu,US,2022-05-22 01:11:19,21.4447,-157.8378,85.71,66,0,11.5
548,Constantine,DZ,2022-05-22 01:11:20,36.365,6.6147,62.01,39,0,1.14
549,Rawah,IQ,2022-05-22 01:11:21,34.4816,41.9093,74.48,10,100,3.11
550,Qadian,IN,2022-05-22 01:11:21,31.8178,75.3919,80.08,36,0,6.49
551,Yurimaguas,PE,2022-05-22 01:11:22,-5.9,-76.0833,74.8,77,10,2.57
552,Oeiras Do Para,BR,2022-05-22 01:11:22,-2.0031,-49.8544,70.39,97,100,2.19
553,Kampot,KH,2022-05-22 01:11:23,10.6167,104.1833,84.25,74,100,11.39
554,Ewo,CG,2022-05-22 01:11:23,-0.8725,14.8206,72.41,89,100,4.14
555,Ugoofaaru,MV,2022-05-22 01:11:24,5.6667,73.0,82.67,78,23,15.01
556,Invermere,CA,2022-05-22 01:11:19,50.5167,-116.0354,57.36,24,95,3.42
557,Pavlodar,KZ,2022-05-22 01:12:25,52.3,76.95,64.2,45,0,8.95
558,Chicama,PE,2022-05-22 01:12:25,-7.8447,-79.1469,61.34,82,14,6.91
559,Husavik,IS,2022-05-22 01:12:26,66.0449,-17.3389,39.7,98,100,11.01
560,Akyab,MM,2022-05-22 01:12:26,20.15,92.9,83.64,77,42,0.74
