City_ID,City,Country,Date,Lat,Lng,Max Temp,Humidity,Cloudiness,Wind Speed,Description
0,Bengkulu,ID,2022-05-22 18:30:35,-3.8004,102.2655,76.19,90,28,3.78,moderate rain
1,Ribeira Grande,PT,2022-05-22 18:30:36,38.5167,-28.7,64.8,100,75,2.3,light intensity drizzle
2,Touros,BR,2022-05-22 18:30:36,-5.1989,-35.4608,79.3,85,24,13.62,few clouds
3,Ambovombe,MG,2022-05-22 18:30:36,-25.1667,46.0833,68.07,77,15,6.69,few clouds
4,Cape Town,ZA,2022-05-22 18:28:48,-33.9258,18.4232,60.12,83,0,5.75,clear sky
5,Butaritari,KI,2022-05-22 18:30:37,3.0707,172.7902,81.34,79,59,10.8,light rain
6,Tibu,CO,2022-05-22 18:30:38,8.639,-72.7358,95.09,39,0,4.65,clear sky
7,Saint-Philippe,RE,2022-05-22 18:30:38,-21.3585,55.7679,71.19,76,38,11.23,scattered clouds
8,Hofn,IS,2022-05-22 18:30:39,64.2539,-15.2082,53.62,54,75,20.71,broken clouds
9,Busselton,AU,2022-05-22 18:30:39,-33.65,115.3333,61.27,67,65,23.49,broken clouds
10,Saint George,US,2022-05-22 18:30:40,37.1041,-113.5841,83.62,10,0,5.75,clear sky
11,Rikitea,PF,2022-05-22 18:30:40,-23.1203,-134.9692,75.85,76,2,13.69,clear sky
12,Buraydah,SA,2022-05-22 18:30:40,26.326,43.975,97.25,8,1,16.67,clear sky
13,Codrington,AU,2022-05-22 18:30:41,-38.2667,141.9667,43.59,95,4,7.72,clear sky
14,Punta Arenas,CL,2022-05-22 18:27:28,-53.15,-70.9167,39.31,70,40,9.22,scattered clouds
15,Hithadhoo,MV,2022-05-22 18:30:42,-0.6,73.0833,83.86,72,90,11.77,overcast clouds
16,Bredasdorp,ZA,2022-05-22 18:30:42,-34.5322,20.0403,56.37,90,38,5.41,scattered clouds
17,Carnarvon,AU,2022-05-22 18:30:43,-24.8667,113.6333,70.86,57,33,18.01,scattered clouds
18,Castro,BR,2022-05-22 18:30:43,-24.7911,-50.0119,64.49,51,4,5.06,clear sky
19,Hounde,BF,2022-05-22 18:30:44,11.5,-3.5167,89.17,40,100,7.58,overcast clouds
20,Atuona,PF,2022-05-22 18:30:44,-9.8,-139.0333,77.34,81,31,17.4,light rain
21,Biak,ID,2022-05-22 18:30:45,-0.9131,122.8766,76.01,83,98,5.82,overcast clouds
22,Yellowknife,CA,2022-05-22 18:30:45,62.456,-114.3525,36.12,80,100,6.91,light snow
23,Albany,US,2022-05-22 18:30:02,42.6001,-73.9662,90.91,46,86,1.01,overcast clouds
24,Kapaa,US,2022-05-22 18:30:46,22.0752,-159.319,78.78,84,20,10.36,few clouds
25,Jamestown,US,2022-05-22 18:25:57,42.097,-79.2353,56.84,94,100,14.97,overcast clouds
26,Pangnirtung,CA,2022-05-22 18:30:46,66.1451,-65.7125,35.6,69,75,6.91,broken clouds
27,Ushuaia,AR,2022-05-22 18:30:47,-54.8,-68.3,40.62,81,20,2.3,few clouds
28,Hobart,AU,2022-05-22 18:30:47,-42.8794,147.3294,50.25,84,100,11.5,overcast clouds
29,San-Pedro,CI,2022-05-22 18:30:48,4.7485,-6.6363,74.17,92,100,5.5,light rain
30,Khorol,UA,2022-05-22 18:30:48,49.7837,33.2783,50.16,85,100,13.51,overcast clouds
31,Nome,US,2022-05-22 18:30:49,64.5011,-165.4064,62.67,23,0,16.11,clear sky
32,Alenquer,BR,2022-05-22 18:30:49,-1.9417,-54.7383,84.2,71,82,1.23,broken clouds
33,Paamiut,GL,2022-05-22 18:30:50,61.994,-49.6678,34.83,91,100,21.27,overcast clouds
34,Airai,TL,2022-05-22 18:30:50,-8.9266,125.4092,58.64,90,50,3.58,scattered clouds
35,Porosozero,RU,2022-05-22 18:30:51,62.7191,32.727,36.77,62,24,4.83,few clouds
36,Vaini,TO,2022-05-22 18:27:34,-21.2,-175.2,73.56,94,75,3.44,broken clouds
37,Barrow,US,2022-05-22 18:30:52,71.2906,-156.7887,23.02,86,100,11.5,mist
38,Kidal,ML,2022-05-22 18:30:52,18.4411,1.4078,87.46,30,42,16.06,scattered clouds
39,Cidreira,BR,2022-05-22 18:30:53,-30.1811,-50.2056,62.58,66,100,4.29,overcast clouds
40,Yar-Sale,RU,2022-05-22 18:30:53,66.8333,70.8333,33.46,93,100,25.57,overcast clouds
41,Hobyo,SO,2022-05-22 18:30:54,5.3505,48.5268,80.22,85,100,29.39,overcast clouds
42,Katsuura,JP,2022-05-22 18:30:54,35.1333,140.3,64.9,88,66,9.51,light rain
43,Souillac,MU,2022-05-22 18:30:55,-20.5167,57.5167,75.58,69,20,11.5,few clouds
44,Egvekinot,RU,2022-05-22 18:30:55,66.3167,-179.1667,43.39,56,99,3.33,overcast clouds
45,Mar Del Plata,AR,2022-05-22 18:30:56,-38.0023,-57.5575,62.94,54,0,5.75,clear sky
46,Baykit,RU,2022-05-22 18:30:56,61.67,96.37,48.16,91,0,3.47,clear sky
47,Hilo,US,2022-05-22 18:30:57,19.7297,-155.09,86.29,70,0,5.99,clear sky
48,Hamilton,US,2022-05-22 18:27:27,39.1834,-84.5333,67.19,75,100,12.66,overcast clouds
49,Tilichiki,RU,2022-05-22 18:30:57,60.4667,166.1,36.16,83,0,4.12,clear sky
50,Hermanus,ZA,2022-05-22 18:31:58,-34.4187,19.2345,60.31,85,69,7.63,broken clouds
51,Puerto Ayora,EC,2022-05-22 18:31:58,-0.7393,-90.3518,78.76,76,66,11.05,broken clouds
52,Labrea,BR,2022-05-22 18:31:59,-7.2586,-64.7981,83.34,64,100,1.03,overcast clouds
53,Jacareacanga,BR,2022-05-22 18:31:59,-6.2222,-57.7528,90.99,40,17,4.25,few clouds
54,New Baltimore,US,2022-05-22 18:32:00,42.6811,-82.7369,64.18,78,75,6.91,broken clouds
55,East London,ZA,2022-05-22 18:32:00,-33.0153,27.9116,59.94,88,0,3.44,clear sky
56,Qaanaaq,GL,2022-05-22 18:28:54,77.484,-69.3632,25.29,75,100,2.93,overcast clouds
57,Aksarka,RU,2022-05-22 18:32:02,66.5606,67.7975,33.24,89,100,27.16,overcast clouds
58,Malacky,SK,2022-05-22 18:32:03,48.436,17.0219,67.12,62,72,4.0,broken clouds
59,Thompson,CA,2022-05-22 18:30:23,55.7435,-97.8558,60.96,29,75,6.91,broken clouds
60,Iquique,CL,2022-05-22 18:31:50,-20.2208,-70.1431,64.44,72,27,7.63,scattered clouds
61,Kudahuvadhoo,MV,2022-05-22 18:32:04,2.6708,72.8944,83.61,75,52,13.11,broken clouds
62,Saint-Joseph,RE,2022-05-22 18:32:04,-21.3667,55.6167,70.18,76,34,11.16,scattered clouds
63,Pobe,BJ,2022-05-22 18:32:05,6.9801,2.6649,74.86,88,100,3.33,light rain
64,Clarksburg,US,2022-05-22 18:30:24,39.2807,-80.3445,81.05,63,100,10.36,overcast clouds
65,Pevek,RU,2022-05-22 18:32:05,69.7008,170.3133,34.65,89,89,11.32,overcast clouds
66,Tadine,NC,2022-05-22 18:32:06,-21.55,167.8833,73.6,88,23,5.23,few clouds
67,Plettenberg Bay,ZA,2022-05-22 18:32:06,-34.0527,23.3716,58.51,67,100,3.69,overcast clouds
68,Saint Anthony,US,2022-05-22 18:32:07,45.0205,-93.218,57.29,41,100,14.97,overcast clouds
69,Lebu,CL,2022-05-22 18:32:07,-37.6167,-73.65,52.27,87,100,11.05,overcast clouds
70,West Point,US,2022-05-22 18:32:08,33.6076,-88.6503,88.36,58,20,13.8,few clouds
71,Dingle,PH,2022-05-22 18:32:08,10.9995,122.6711,77.2,88,100,4.23,overcast clouds
72,San Matias,BO,2022-05-22 18:32:09,-16.3667,-58.4,89.74,28,7,4.21,clear sky
73,Dalby,AU,2022-05-22 18:32:10,-27.1833,151.2667,56.98,91,100,1.01,light rain
74,Dikson,RU,2022-05-22 18:28:51,73.5069,80.5464,25.11,90,100,9.75,overcast clouds
75,Bluff,NZ,2022-05-22 18:32:10,-46.6,168.3333,50.31,73,100,24.79,overcast clouds
76,Ararat,AM,2022-05-22 18:32:11,39.8317,44.7049,73.74,37,20,6.33,few clouds
77,Torbay,CA,2022-05-22 18:32:11,47.6666,-52.7314,64.27,35,75,18.41,broken clouds
78,Dvinskoy,RU,2022-05-22 18:32:12,62.1535,45.1175,35.26,76,100,9.6,light snow
79,Rundu,NA,2022-05-22 18:32:12,-17.9333,19.7667,52.68,38,0,4.5,clear sky
80,Concepcion Del Oro,MX,2022-05-22 18:32:13,24.6333,-101.4167,82.99,18,6,5.79,clear sky
81,Zhanaozen,KZ,2022-05-22 18:32:13,43.3,52.8,60.26,43,0,9.15,clear sky
82,Stephenville,US,2022-05-22 18:30:24,32.2207,-98.2023,72.86,49,0,9.22,clear sky
83,Oistins,BB,2022-05-22 18:32:14,13.0667,-59.5333,84.29,70,20,18.41,few clouds
84,New Norfolk,AU,2022-05-22 18:32:14,-42.7826,147.0587,49.91,82,74,2.37,broken clouds
85,Los Llanos De Aridane,ES,2022-05-22 18:32:15,28.6585,-17.9182,68.13,81,75,14.97,broken clouds
86,Guerrero Negro,MX,2022-05-22 18:32:15,27.9769,-114.0611,67.8,57,0,14.58,clear sky
87,Ponta Do Sol,PT,2022-05-22 18:32:16,32.6667,-17.1,72.01,75,14,2.06,few clouds
88,Klaksvik,FO,2022-05-22 18:32:17,62.2266,-6.589,50.92,89,53,3.78,broken clouds
89,Iqaluit,CA,2022-05-22 18:29:56,63.7506,-68.5145,26.33,79,100,24.16,light snow
90,Bukachacha,RU,2022-05-22 18:32:17,52.9833,116.9167,43.86,88,100,3.13,light rain
91,Marawi,PH,2022-05-22 18:32:18,7.9986,124.2928,69.49,94,100,3.87,overcast clouds
92,Nishihara,JP,2022-05-22 18:32:18,26.1842,127.7558,74.48,83,75,9.22,broken clouds
93,Jiexiu,CN,2022-05-22 18:32:19,37.0244,111.9125,66.07,45,40,1.63,scattered clouds
94,Rudnyy,KZ,2022-05-22 18:32:19,52.9594,63.1206,41.23,73,4,10.71,clear sky
95,Taylorville,US,2022-05-22 18:32:20,39.5489,-89.2945,61.88,51,75,12.66,broken clouds
96,Vanimo,PG,2022-05-22 18:33:20,-2.6741,141.3028,77.79,88,68,4.38,broken clouds
97,Vestmanna,FO,2022-05-22 18:33:21,62.1564,-7.1664,49.12,81,100,2.3,overcast clouds
98,Zilupe,LV,2022-05-22 18:33:22,56.3862,28.1217,43.16,64,100,3.62,overcast clouds
99,Manoel Urbano,BR,2022-05-22 18:33:22,-8.8389,-69.2597,87.67,48,67,2.66,broken clouds
100,Tual,ID,2022-05-22 18:33:23,-5.6667,132.75,83.1,76,63,14.0,broken clouds
101,Miri,MY,2022-05-22 18:33:23,4.4148,114.0089,78.94,89,40,8.05,scattered clouds
102,Ancud,CL,2022-05-22 18:33:23,-41.8697,-73.8203,48.94,68,0,14.14,light rain
103,Dhidhdhoo,MV,2022-05-22 18:33:24,6.8833,73.1,83.57,78,65,15.01,broken clouds
104,Kitui,KE,2022-05-22 18:33:24,-1.367,38.0106,66.94,68,53,5.28,broken clouds
105,Beyneu,KZ,2022-05-22 18:33:25,45.3167,55.2,64.72,42,81,11.3,broken clouds
106,San Quintin,MX,2022-05-22 18:33:25,30.4833,-115.95,65.66,57,0,12.91,clear sky
107,Tautira,PF,2022-05-22 18:33:25,-17.7333,-149.15,79.23,74,26,14.63,scattered clouds
108,Hueytown,US,2022-05-22 18:32:37,33.4512,-86.9967,89.8,53,40,8.05,scattered clouds
109,Khatanga,RU,2022-05-22 18:33:26,71.9667,102.5,31.82,93,100,6.78,overcast clouds
110,Batticaloa,LK,2022-05-22 18:33:26,7.7102,81.6924,81.63,69,16,10.33,few clouds
111,Tahta,EG,2022-05-22 18:33:27,26.7693,31.5021,78.26,18,0,12.84,clear sky
112,Avera,US,2022-05-22 18:33:27,33.194,-82.5271,88.38,36,100,11.54,overcast clouds
113,Awbari,LY,2022-05-22 18:33:28,26.5921,12.7805,83.37,13,81,14.23,broken clouds
114,Tasiilaq,GL,2022-05-22 18:33:29,65.6145,-37.6368,35.76,97,100,8.03,overcast clouds
115,Ilulissat,GL,2022-05-22 18:33:29,69.2167,-51.1,35.62,93,75,5.75,light rain and snow
116,Mataura,NZ,2022-05-22 18:33:30,-46.1927,168.8643,44.33,91,100,7.65,overcast clouds
117,Celestun,MX,2022-05-22 18:33:30,20.8667,-90.4,89.06,66,52,11.5,broken clouds
118,Loukhi,RU,2022-05-22 18:33:31,66.0764,33.0381,34.97,64,39,5.19,scattered clouds
119,Udachnyy,RU,2022-05-22 18:33:31,66.4167,112.4,48.45,52,10,2.1,clear sky
120,Haimen,CN,2022-05-22 18:33:32,23.1935,116.6142,71.49,89,100,14.07,overcast clouds
121,Marica,BR,2022-05-22 18:33:32,-22.9194,-42.8186,76.95,66,0,10.33,clear sky
122,Esperance,AU,2022-05-22 18:33:33,-33.8667,121.9,63.0,74,24,10.92,few clouds
123,Lorengau,PG,2022-05-22 18:33:33,-2.0226,147.2712,82.9,70,90,11.56,overcast clouds
124,Hutchinson,US,2022-05-22 18:33:34,38.0608,-97.9298,65.52,33,0,12.66,clear sky
125,Miranda,CO,2022-05-22 18:33:34,3.2499,-76.2281,84.33,67,81,2.93,broken clouds
126,Ahipara,NZ,2022-05-22 18:33:35,-35.1667,173.1667,58.89,75,100,10.22,overcast clouds
127,Elk City,US,2022-05-22 18:33:35,35.412,-99.4043,66.88,24,0,5.75,clear sky
128,Sandovo,RU,2022-05-22 18:33:36,58.4602,36.4128,35.82,65,51,5.12,broken clouds
129,Pauini,BR,2022-05-22 18:33:36,-7.7136,-66.9764,88.81,50,23,1.14,few clouds
130,Sur,OM,2022-05-22 18:33:37,22.5667,59.5289,91.76,45,0,11.41,clear sky
131,Vila Franca Do Campo,PT,2022-05-22 18:33:37,37.7167,-25.4333,64.81,90,74,4.7,light rain
132,Senneterre,CA,2022-05-22 18:33:38,48.3835,-77.2328,40.3,95,100,5.35,overcast clouds
133,Tura,IN,2022-05-22 18:33:38,25.5198,90.2201,72.48,93,98,3.62,overcast clouds
134,Oktyabrskiy,RU,2022-05-22 18:33:39,54.4815,53.471,40.95,81,91,1.43,overcast clouds
135,Sola,VU,2022-05-22 18:33:39,-13.8833,167.55,81.0,75,18,3.11,few clouds
136,Olinda,BR,2022-05-22 18:33:40,-8.0089,-34.8553,83.93,65,75,18.41,broken clouds
137,Kupang,ID,2022-05-22 18:33:40,-10.1667,123.5833,76.23,84,36,8.81,scattered clouds
138,Homer,US,2022-05-22 18:33:41,59.6425,-151.5483,59.77,64,75,0.0,broken clouds
139,Erenhot,CN,2022-05-22 18:33:41,43.6475,111.9767,67.28,35,78,4.99,broken clouds
140,Port Alfred,ZA,2022-05-22 18:33:42,-33.5906,26.891,60.37,79,60,4.07,broken clouds
141,Kyaikkami,MM,2022-05-22 18:34:42,16.08,97.5675,81.88,84,100,11.63,overcast clouds
142,Rocha,UY,2022-05-22 18:34:43,-34.4833,-54.3333,64.58,58,22,2.86,few clouds
143,Kruisfontein,ZA,2022-05-22 18:34:43,-34.0033,24.7314,54.88,76,100,2.8,overcast clouds
144,Benghazi,LY,2022-05-22 18:34:44,32.1167,20.0667,67.62,66,0,5.5,clear sky
145,Kysyl-Syr,RU,2022-05-22 18:34:44,63.8986,122.7617,43.12,74,20,3.4,few clouds
146,Bambous Virieux,MU,2022-05-22 18:34:45,-20.3428,57.7575,75.45,69,20,11.5,few clouds
147,Maracas,BR,2022-05-22 18:34:45,-13.4411,-40.4308,73.96,39,0,7.67,clear sky
148,Rawson,AR,2022-05-22 18:34:45,-43.3002,-65.1023,48.7,83,100,19.24,moderate rain
149,Nago,JP,2022-05-22 18:34:46,26.5881,127.9761,74.25,83,100,6.42,overcast clouds
150,Lagoa,PT,2022-05-22 18:33:48,39.05,-27.9833,62.24,92,100,5.97,overcast clouds
151,Araouane,ML,2022-05-22 18:34:47,18.9048,-3.5265,96.58,7,0,11.95,clear sky
152,Mezhdurechensk,RU,2022-05-22 18:34:47,53.6942,88.0603,63.79,64,91,1.21,overcast clouds
153,Kalmunai,LK,2022-05-22 18:34:48,7.4167,81.8167,81.99,70,69,4.16,broken clouds
154,Sabak,MY,2022-05-22 18:34:48,3.7675,100.9875,76.03,93,47,1.14,light rain
155,Faanui,PF,2022-05-22 18:34:49,-16.4833,-151.75,80.44,73,12,15.26,few clouds
156,Ketchikan,US,2022-05-22 18:34:49,55.3422,-131.6461,57.67,51,0,11.5,clear sky
157,Luganville,VU,2022-05-22 18:34:50,-15.5333,167.1667,76.55,91,12,3.62,few clouds
158,Impfondo,CG,2022-05-22 18:34:50,1.6381,18.0667,75.63,85,97,2.98,overcast clouds
159,Vao,NC,2022-05-22 18:34:51,-22.6667,167.4833,74.88,86,100,9.66,overcast clouds
160,Kholbon,RU,2022-05-22 18:34:51,51.8833,116.25,51.64,65,10,6.33,clear sky
161,Pangai,TO,2022-05-22 18:34:52,-19.8,-174.35,77.11,83,40,4.61,scattered clouds
162,Berlevag,NO,2022-05-22 18:34:52,70.8578,29.0864,40.95,81,75,8.05,broken clouds
163,Viedma,AR,2022-05-22 18:34:53,-40.8135,-62.9967,58.64,35,100,13.31,overcast clouds
164,Tuatapere,NZ,2022-05-22 18:34:53,-46.1333,167.6833,43.93,84,65,7.61,broken clouds
165,Sisimiut,GL,2022-05-22 18:34:54,66.9395,-53.6735,33.87,82,100,13.6,overcast clouds
166,Kosh-Agach,RU,2022-05-22 18:34:54,50.0,88.6667,57.52,41,100,7.29,overcast clouds
167,Harnosand,SE,2022-05-22 18:34:55,62.6323,17.9379,55.42,70,72,6.82,broken clouds
168,Kalmar,SE,2022-05-22 18:34:55,56.6616,16.3616,52.14,75,69,1.99,broken clouds
169,Beloha,MG,2022-05-22 18:34:55,-25.1667,45.05,65.77,84,4,6.89,clear sky
170,Kijang,KR,2022-05-22 18:34:56,35.2442,129.2139,65.93,73,2,5.01,clear sky
171,Denison,US,2022-05-22 18:34:56,33.7557,-96.5367,61.99,79,100,8.05,overcast clouds
172,Voh,NC,2022-05-22 18:34:57,-20.9667,164.7,72.73,91,2,5.06,clear sky
173,Carutapera,BR,2022-05-22 18:34:58,-1.195,-46.02,80.8,87,29,4.88,scattered clouds
174,Moanda,GA,2022-05-22 18:34:58,-1.5575,13.2178,75.43,94,43,2.57,light rain
175,Vila Velha,BR,2022-05-22 18:30:15,-20.3297,-40.2925,75.15,69,75,8.05,broken clouds
176,Tanggu,CN,2022-05-22 18:34:59,39.0211,117.6469,76.96,37,16,8.01,few clouds
177,Tuktoyaktuk,CA,2022-05-22 18:34:59,69.4541,-133.0374,23.0,74,100,8.05,overcast clouds
178,Hay River,CA,2022-05-22 18:35:00,60.8156,-115.7999,37.38,93,100,6.91,light rain
179,Bowen,AU,2022-05-22 18:35:00,-20.0167,148.2333,68.81,84,100,9.1,overcast clouds
180,Mareeba,AU,2022-05-22 18:35:01,-17.0,145.4333,68.72,90,76,2.19,broken clouds
181,Provideniya,RU,2022-05-22 18:35:01,64.3833,-173.3,49.15,43,100,10.78,overcast clouds
182,Stykkisholmur,IS,2022-05-22 18:35:02,65.0757,-22.7297,43.88,69,18,6.46,few clouds
183,Port Elizabeth,ZA,2022-05-22 18:35:02,-33.918,25.5701,57.09,88,0,3.44,clear sky
184,Dwarka,IN,2022-05-22 18:31:41,22.2394,68.9678,82.83,83,68,24.09,broken clouds
185,Talnakh,RU,2022-05-22 18:35:03,69.4865,88.3972,33.21,100,100,2.08,overcast clouds
186,Ouro Preto Do Oeste,BR,2022-05-22 18:35:03,-10.7481,-62.2158,84.43,55,5,1.3,clear sky
187,Siocon,PH,2022-05-22 18:35:04,7.7061,122.1353,78.96,86,100,3.62,overcast clouds
188,Iroquois Falls,CA,2022-05-22 18:35:05,48.7669,-80.6831,47.64,62,100,6.31,overcast clouds
189,Pec,XK,2022-05-22 18:35:05,42.6591,20.2883,60.87,88,2,4.74,clear sky
190,Bridlington,GB,2022-05-22 18:35:05,54.0831,-0.1919,57.51,86,100,12.68,overcast clouds
191,Westport,US,2022-05-22 18:34:49,41.1415,-73.3579,93.27,58,0,11.5,clear sky
192,Meadow Lake,US,2022-05-22 18:36:06,34.8014,-106.5436,66.85,31,28,7.7,scattered clouds
193,Bathsheba,BB,2022-05-22 18:36:07,13.2167,-59.5167,84.81,70,20,18.41,few clouds
194,Chuy,UY,2022-05-22 18:36:07,-33.6971,-53.4616,63.21,57,39,4.88,scattered clouds
195,Pangody,RU,2022-05-22 18:36:08,65.85,74.4859,46.11,80,100,19.62,overcast clouds
196,Khalkhal,IR,2022-05-22 18:36:08,37.6189,48.5258,59.43,30,86,4.65,overcast clouds
197,Ganzhou,CN,2022-05-22 18:36:09,28.8184,115.4327,65.19,97,100,2.28,overcast clouds
198,Mount Gambier,AU,2022-05-22 18:36:09,-37.8333,140.7667,37.31,93,100,4.61,fog
199,Camacha,PT,2022-05-22 18:36:10,33.0833,-16.3333,65.62,64,20,12.66,few clouds
200,Pinheiro Machado,BR,2022-05-22 18:36:10,-31.5783,-53.3811,62.06,66,0,3.49,clear sky
201,Lake Havasu City,US,2022-05-22 18:33:31,34.4839,-114.3224,89.06,21,0,8.05,clear sky
202,Kholtoson,RU,2022-05-22 18:36:11,50.2981,103.3097,51.84,38,22,3.29,few clouds
203,Isangel,VU,2022-05-22 18:31:16,-19.55,169.2667,75.47,85,70,6.85,broken clouds
204,Gorin,RU,2022-05-22 18:36:11,51.1983,136.6669,33.21,93,43,1.57,scattered clouds
205,Taber,CA,2022-05-22 18:36:02,49.8167,-112.1518,58.84,30,2,4.61,clear sky
206,Victoria,HK,2022-05-22 18:31:14,22.2855,114.1577,77.38,84,100,18.01,overcast clouds
207,Kodiak,US,2022-05-22 18:36:12,57.79,-152.4072,49.51,76,75,14.97,broken clouds
208,Port Lincoln,AU,2022-05-22 18:36:13,-34.7333,135.8667,61.61,78,100,10.04,overcast clouds
209,Fort Nelson,CA,2022-05-22 18:36:13,58.8053,-122.7002,51.39,62,75,5.75,broken clouds
210,Cherskiy,RU,2022-05-22 18:36:14,68.75,161.3,50.2,53,93,14.81,overcast clouds
211,Arman,RU,2022-05-22 18:36:14,59.7,150.1667,41.02,98,100,10.69,moderate rain
212,Vung Tau,VN,2022-05-22 18:36:15,10.346,107.0843,79.34,82,100,13.18,overcast clouds
213,Miyako,JP,2022-05-22 18:36:15,39.6367,141.9525,52.65,88,100,3.98,overcast clouds
214,Lompoc,US,2022-05-22 18:36:16,34.6391,-120.4579,73.69,65,0,12.66,clear sky
215,Marystown,CA,2022-05-22 18:36:16,47.1666,-55.1483,56.01,60,96,13.65,overcast clouds
216,Xichang,CN,2022-05-22 18:36:17,27.8964,102.2634,62.71,81,99,1.81,overcast clouds
217,Kyra,RU,2022-05-22 18:36:17,49.5776,111.9753,52.54,52,6,2.98,clear sky
218,Warrnambool,AU,2022-05-22 18:36:18,-38.3833,142.4833,41.81,92,6,7.56,clear sky
219,Atikokan,CA,2022-05-22 18:36:19,48.7555,-91.6216,52.25,35,100,7.47,overcast clouds
220,Muchkapskiy,RU,2022-05-22 18:36:19,51.8513,42.4717,45.77,93,100,4.18,light rain
221,Beidao,CN,2022-05-22 18:36:20,34.5686,105.8933,57.58,91,4,3.83,clear sky
222,Labuhan,ID,2022-05-22 18:36:20,-6.8844,112.2051,79.52,84,100,10.96,light rain
223,Sechura,PE,2022-05-22 18:36:21,-5.5569,-80.8222,78.93,57,3,13.62,clear sky
224,Hermiston,US,2022-05-22 18:31:29,45.8404,-119.2895,67.8,46,0,0.0,clear sky
225,Posse,BR,2022-05-22 18:36:21,-14.0931,-46.3694,82.92,28,0,0.67,clear sky
226,North Bend,US,2022-05-22 18:36:22,43.4065,-124.2243,66.24,91,0,9.22,clear sky
227,Sorland,NO,2022-05-22 18:36:22,67.667,12.6934,48.06,92,100,8.03,overcast clouds
228,Yenagoa,NG,2022-05-22 18:36:23,4.9247,6.2642,76.59,91,100,4.09,light rain
229,Grindavik,IS,2022-05-22 18:36:23,63.8424,-22.4338,55.35,66,0,21.85,clear sky
230,Murray Bridge,AU,2022-05-22 18:36:24,-35.1167,139.2667,57.13,83,31,5.82,scattered clouds
231,Mahebourg,MU,2022-05-22 18:36:24,-20.4081,57.7,75.49,69,20,11.5,few clouds
232,Chaozhou,CN,2022-05-22 18:36:25,23.6651,116.6379,71.46,94,100,1.1,overcast clouds
233,Hasaki,JP,2022-05-22 18:36:25,35.7333,140.8333,59.4,83,100,6.31,moderate rain
234,Rosarito,MX,2022-05-22 18:32:42,32.3333,-117.0333,75.63,57,0,10.65,clear sky
235,Cap-Aux-Meules,CA,2022-05-22 18:36:26,47.3821,-61.8597,57.25,88,100,11.5,overcast clouds
236,Prescott,US,2022-05-22 18:35:03,34.54,-112.4685,79.27,22,2,5.99,clear sky
237,Srednekolymsk,RU,2022-05-22 18:37:27,67.45,153.6833,50.56,51,99,9.69,overcast clouds
238,Ulaangom,MN,2022-05-22 18:37:27,49.9811,92.0667,64.27,27,100,4.25,overcast clouds
239,Russell,US,2022-05-22 18:37:28,32.3502,-85.1999,88.02,48,40,8.05,light rain
240,Longyearbyen,SJ,2022-05-22 18:37:29,78.2186,15.6401,35.44,87,75,0.0,broken clouds
241,Oranjemund,NA,2022-05-22 18:37:29,-28.55,16.4333,56.1,75,12,9.6,few clouds
242,Veraval,IN,2022-05-22 18:37:30,20.9,70.3667,84.52,72,100,17.83,overcast clouds
243,Nikolskoye,RU,2022-05-22 18:37:30,59.7035,30.7861,51.69,57,7,2.21,clear sky
244,Flinders,AU,2022-05-22 18:37:31,-34.5833,150.8552,55.18,91,100,4.0,light rain
245,Rio Gallegos,AR,2022-05-22 18:37:31,-51.6226,-69.2181,42.85,56,0,13.8,clear sky
246,Georgetown,MY,2022-05-22 18:37:32,5.4112,100.3354,82.33,88,20,0.0,few clouds
247,Dabakala,CI,2022-05-22 18:37:32,8.3667,-4.4333,72.07,94,99,7.09,overcast clouds
248,Mondlo,ZA,2022-05-22 18:37:33,-27.983,30.7177,50.5,91,31,6.11,scattered clouds
249,Tigil,RU,2022-05-22 18:37:33,57.8,158.6667,44.06,73,25,5.7,scattered clouds
250,Sosua,DO,2022-05-22 18:37:34,19.7667,-70.5167,91.38,62,40,16.11,scattered clouds
251,Saint-Georges,GD,2022-05-22 18:37:34,12.0564,-61.7485,85.68,66,20,25.32,few clouds
252,Ifakara,TZ,2022-05-22 18:37:35,-8.1333,36.6833,71.51,75,58,2.28,broken clouds
253,Avarua,CK,2022-05-22 18:37:35,-21.2078,-159.775,78.98,78,12,12.01,light rain
254,Livny,RU,2022-05-22 18:33:00,52.4253,37.6069,44.17,88,98,8.48,overcast clouds
255,Areka,ET,2022-05-22 18:37:36,7.0667,37.7,62.56,82,30,3.42,light rain
256,Carta,RO,2022-05-22 18:37:36,46.5333,25.75,46.58,87,10,3.38,clear sky
257,Novosheshminsk,RU,2022-05-22 18:33:47,55.0651,51.2338,36.73,81,10,4.07,clear sky
258,Sitka,US,2022-05-22 18:37:13,57.0531,-135.33,51.69,76,40,6.91,scattered clouds
259,Ambilobe,MG,2022-05-22 18:37:38,-13.2,49.05,74.61,70,61,4.63,broken clouds
260,Muros,ES,2022-05-22 18:37:38,42.7762,-9.0603,64.09,92,76,8.84,broken clouds
261,Biltine,TD,2022-05-22 18:37:38,14.5333,20.9167,90.86,12,84,10.69,broken clouds
262,Moindou,NC,2022-05-22 18:37:39,-21.6924,165.677,74.91,85,26,5.86,scattered clouds
263,Reconquista,AR,2022-05-22 18:37:39,-29.15,-59.65,71.73,47,0,6.62,clear sky
264,Peace River,CA,2022-05-22 18:37:40,56.2501,-117.286,64.71,25,75,5.75,light rain
265,Umm Lajj,SA,2022-05-22 18:35:24,25.0213,37.2685,80.94,48,10,9.78,clear sky
266,Awjilah,LY,2022-05-22 18:37:41,29.1081,21.2869,77.0,22,0,10.67,clear sky
267,Bereda,ES,2022-05-22 18:37:41,43.2686,-7.5406,61.57,99,100,3.04,overcast clouds
268,Faya,SA,2022-05-22 18:37:41,18.3851,42.4509,75.31,26,0,2.48,clear sky
269,Amot,NO,2022-05-22 18:37:42,59.5714,7.9877,54.28,62,100,3.83,overcast clouds
270,Sioux Falls,US,2022-05-22 18:34:03,43.55,-96.7003,53.46,50,100,3.44,overcast clouds
271,Kapoeta,SS,2022-05-22 18:37:43,4.7717,33.5903,76.8,68,72,2.71,moderate rain
272,Nosy Varika,MG,2022-05-22 18:37:43,-20.5833,48.5333,68.68,92,35,4.27,scattered clouds
273,Cabo San Lucas,MX,2022-05-22 18:37:44,22.8909,-109.9124,85.3,47,0,0.0,clear sky
274,Solnechnyy,RU,2022-05-22 18:37:44,50.7214,136.6319,34.34,88,85,2.08,overcast clouds
275,Belize,BZ,2022-05-22 18:37:45,17.25,-88.75,97.12,44,41,9.37,scattered clouds
276,Thinadhoo,MV,2022-05-22 18:37:45,0.5333,72.9333,83.86,75,79,11.81,broken clouds
277,College,US,2022-05-22 18:37:46,64.8569,-147.8028,63.09,32,40,6.91,scattered clouds
278,Kamyshin,RU,2022-05-22 18:37:46,50.0983,45.416,46.18,95,100,7.76,overcast clouds
279,Agbor,NG,2022-05-22 18:37:47,6.2518,6.1934,74.08,96,61,3.74,broken clouds
280,Icod De Los Vinos,ES,2022-05-22 18:37:47,28.3724,-16.7119,75.61,80,7,10.45,clear sky
281,Glenwood Springs,US,2022-05-22 18:37:48,39.5505,-107.3248,63.52,38,100,5.75,overcast clouds
282,Saskylakh,RU,2022-05-22 18:38:48,71.9167,114.0833,33.96,99,100,6.42,light snow
283,Kuruman,ZA,2022-05-22 18:38:49,-27.4524,23.4325,55.63,68,67,0.63,broken clouds
284,San Ramon,US,2022-05-22 18:38:22,37.7799,-121.978,81.81,40,0,7.0,clear sky
285,Nouadhibou,MR,2022-05-22 18:38:50,20.931,-17.0347,69.78,73,1,21.85,clear sky
286,Muroto,JP,2022-05-22 18:38:50,33.2833,134.15,68.14,72,63,2.64,broken clouds
287,Vardo,NO,2022-05-22 18:38:50,70.3705,31.1107,37.38,93,75,16.11,broken clouds
288,Bairiki,KI,2022-05-22 18:38:51,1.3292,172.9752,80.6,89,20,9.22,few clouds
289,Xiuyan,CN,2022-05-22 18:38:51,40.2928,123.2744,58.39,85,7,2.82,clear sky
290,Maceio,BR,2022-05-22 18:38:52,-9.6658,-35.7353,81.84,69,75,11.5,broken clouds
291,Bonfim,BR,2022-05-22 18:38:52,3.0833,-59.95,73.42,91,100,3.94,moderate rain
292,Wagar,SD,2022-05-22 18:38:53,16.1525,36.2032,99.39,21,3,3.6,clear sky
293,Moundsville,US,2022-05-22 18:38:53,39.9203,-80.7431,76.84,87,100,9.95,overcast clouds
294,Comodoro Rivadavia,AR,2022-05-22 18:38:54,-45.8667,-67.5,49.86,43,0,17.27,clear sky
295,Bethel,US,2022-05-22 18:38:54,41.3712,-73.414,92.17,58,0,9.22,clear sky
296,Krasnoselkup,RU,2022-05-22 18:38:55,65.7,82.4667,53.26,74,72,10.69,broken clouds
297,Montepuez,MZ,2022-05-22 18:38:55,-13.1256,38.9997,65.98,88,30,4.56,scattered clouds
298,Marsh Harbour,BS,2022-05-22 18:35:30,26.5412,-77.0636,79.56,74,70,15.55,broken clouds
299,Dzilam Gonzalez,MX,2022-05-22 18:38:56,21.2833,-88.9333,99.82,35,41,8.72,scattered clouds
300,Ouesso,CG,2022-05-22 18:38:56,1.6136,16.0517,72.79,95,86,2.62,overcast clouds
301,Tiksi,RU,2022-05-22 18:38:57,71.6872,128.8694,30.58,87,100,5.44,overcast clouds
302,Caxito,AO,2022-05-22 18:38:57,-8.5785,13.6643,68.38,90,94,3.27,overcast clouds
303,Upernavik,GL,2022-05-22 18:38:58,72.7868,-56.1549,32.61,100,100,6.2,snow
304,Irbit,RU,2022-05-22 18:38:58,57.6705,63.071,37.02,85,29,5.41,scattered clouds
305,Quatre Cocos,MU,2022-05-22 18:38:59,-20.2078,57.7625,75.31,70,25,15.64,scattered clouds
306,Chokurdakh,RU,2022-05-22 18:38:59,70.6333,147.9167,32.68,100,100,3.36,overcast clouds
307,Lashio,MM,2022-05-22 18:39:00,22.9333,97.75,67.69,90,16,0.76,few clouds
308,Chaohu,CN,2022-05-22 18:39:00,31.6,117.8667,68.68,76,100,3.62,overcast clouds
309,Port-Gentil,GA,2022-05-22 18:39:01,-0.7193,8.7815,78.76,83,75,10.36,broken clouds
310,Sao Filipe,CV,2022-05-22 18:39:01,14.8961,-24.4956,72.28,78,6,13.89,clear sky
311,Korla,CN,2022-05-22 18:38:51,41.7597,86.1469,80.1,14,100,14.65,overcast clouds
312,Geraldton,AU,2022-05-22 18:39:02,-28.7667,114.6,64.81,72,40,13.8,scattered clouds
313,Clyde River,CA,2022-05-22 18:39:03,70.4692,-68.5914,19.63,93,100,34.52,heavy snow
314,Gobabis,NA,2022-05-22 18:36:15,-22.45,18.9667,52.07,49,0,8.16,clear sky
315,Belyy Yar,RU,2022-05-22 18:39:03,53.6039,91.3903,67.89,45,0,0.0,clear sky
316,Rosario Do Sul,BR,2022-05-22 18:39:04,-30.2583,-54.9142,64.8,62,0,6.02,clear sky
317,Chapais,CA,2022-05-22 18:39:05,49.7834,-74.8492,33.58,93,100,4.54,overcast clouds
318,Beringovskiy,RU,2022-05-22 18:37:31,63.05,179.3167,39.72,77,100,8.41,overcast clouds
319,Karema,TZ,2022-05-22 18:39:05,-6.8205,30.4389,72.5,74,85,3.38,overcast clouds
320,Waipawa,NZ,2022-05-22 18:37:12,-41.4122,175.5153,49.53,75,95,11.34,overcast clouds
321,Chumikan,RU,2022-05-22 18:39:06,54.7183,135.315,29.95,97,100,6.8,overcast clouds
322,Damghan,IR,2022-05-22 18:39:07,36.1683,54.348,68.56,16,85,2.35,overcast clouds
323,Verkh-Usugli,RU,2022-05-22 18:39:07,52.7,115.1667,42.8,83,12,3.98,few clouds
324,Fortuna,US,2022-05-22 18:36:15,40.5982,-124.1573,59.86,87,75,11.5,broken clouds
325,Solvychegodsk,RU,2022-05-22 18:39:08,61.3305,46.9156,32.49,98,100,9.6,light snow
326,Quang Ngai,VN,2022-05-22 18:39:08,15.1167,108.8,77.13,86,100,4.23,overcast clouds
327,Kalikino,RU,2022-05-22 18:39:09,52.9493,39.8269,45.45,75,51,9.78,broken clouds
328,Shaowu,CN,2022-05-22 18:40:09,27.3409,117.4831,66.22,99,100,2.1,overcast clouds
329,Norman Wells,CA,2022-05-22 18:40:10,65.282,-126.8329,42.84,52,75,3.44,broken clouds
330,Wahiawa,US,2022-05-22 18:38:28,21.5028,-158.0236,77.32,70,100,0.0,overcast clouds
331,Poopo,BO,2022-05-22 18:40:11,-18.3667,-66.9667,50.5,13,19,14.65,few clouds
332,Hualmay,PE,2022-05-22 18:40:11,-11.0964,-77.6139,68.97,74,44,7.34,scattered clouds
333,Xai-Xai,MZ,2022-05-22 18:40:12,-25.0519,33.6442,65.98,93,100,3.29,light rain
334,Bonavista,CA,2022-05-22 18:40:12,48.6499,-53.1147,54.23,70,100,15.28,overcast clouds
335,Fredericksburg,US,2022-05-22 18:38:52,38.3032,-77.4605,93.61,56,40,9.22,scattered clouds
336,Silver City,US,2022-05-22 18:40:13,32.7701,-108.2803,70.3,27,0,14.97,clear sky
337,Abha,SA,2022-05-22 18:40:13,18.2164,42.5053,75.02,23,0,0.0,clear sky
338,Zhigansk,RU,2022-05-22 18:40:14,66.7697,123.3711,36.52,76,100,5.12,overcast clouds
339,Poyarkovo,RU,2022-05-22 18:40:14,49.6,128.6833,56.84,59,100,10.22,overcast clouds
340,Usinsk,RU,2022-05-22 18:38:54,65.9939,57.5281,32.07,93,100,29.66,light snow
341,West Fargo,US,2022-05-22 18:40:15,46.875,-96.9004,59.02,37,75,9.22,broken clouds
342,Northam,GB,2022-05-22 18:40:16,51.0333,-4.2167,57.61,88,100,8.23,overcast clouds
343,Yetkul,RU,2022-05-22 18:40:16,54.8221,61.588,38.52,87,16,8.28,few clouds
344,Komsomolskiy,UZ,2022-05-22 18:38:57,40.4272,71.7189,57.92,67,40,4.61,scattered clouds
345,Yerbogachen,RU,2022-05-22 18:40:17,61.2767,108.0108,45.25,94,74,1.05,broken clouds
346,Dunedin,NZ,2022-05-22 18:40:17,-45.8742,170.5036,47.8,69,67,8.99,broken clouds
347,Kavieng,PG,2022-05-22 18:40:18,-2.5744,150.7967,82.67,67,14,17.22,few clouds
348,Amahai,ID,2022-05-22 18:40:18,-3.3333,128.9167,77.83,87,99,1.9,overcast clouds
349,Tezu,IN,2022-05-22 18:40:19,27.9167,96.1667,70.79,87,2,4.54,clear sky
350,Half Moon Bay,US,2022-05-22 18:40:19,37.4636,-122.4286,80.58,65,0,14.97,mist
351,Soligalich,RU,2022-05-22 18:40:20,59.0778,42.2864,30.78,87,92,6.51,overcast clouds
352,Belaya Gora,RU,2022-05-22 18:40:20,68.5333,146.4167,44.44,82,25,1.63,scattered clouds
353,Yining,CN,2022-05-22 18:40:21,29.0361,114.5636,64.35,98,100,0.2,overcast clouds
354,Hong Gai,VN,2022-05-22 18:40:21,20.956,107.0946,80.51,95,92,3.47,overcast clouds
355,Rampura,IN,2022-05-22 18:40:22,30.25,75.2333,88.32,28,11,19.82,few clouds
356,Orneta,PL,2022-05-22 18:40:22,54.1148,20.1333,46.71,92,100,9.19,overcast clouds
357,Porto Novo,BJ,2022-05-22 18:40:23,6.4965,2.6036,82.22,85,100,6.02,overcast clouds
358,Kempele,FI,2022-05-22 18:40:23,64.9131,25.5034,50.02,53,0,3.44,clear sky
359,Chilca,PE,2022-05-22 18:40:24,-12.5211,-76.7372,65.91,79,62,4.9,broken clouds
360,Lavrentiya,RU,2022-05-22 18:40:24,65.5833,-171.0,38.86,76,100,9.1,overcast clouds
361,High Level,CA,2022-05-22 18:40:05,58.5169,-117.136,50.11,46,75,17.27,broken clouds
362,Port Keats,AU,2022-05-22 18:40:25,-14.25,129.55,72.43,49,25,8.41,scattered clouds
363,Talaya,RU,2022-05-22 18:40:25,61.3833,152.75,34.11,86,100,4.47,overcast clouds
364,Shellbrook,CA,2022-05-22 18:40:26,53.2168,-106.4011,61.83,32,100,12.03,overcast clouds
365,Arraial Do Cabo,BR,2022-05-22 18:40:26,-22.9661,-42.0278,76.96,64,0,12.66,clear sky
366,Sasmuan,PH,2022-05-22 18:40:27,14.9358,120.623,80.35,87,98,0.22,overcast clouds
367,Caravelas,BR,2022-05-22 18:40:28,-17.7125,-39.2481,74.57,66,2,6.96,clear sky
368,Raga,SS,2022-05-22 18:40:28,8.4596,25.678,81.79,49,98,1.68,overcast clouds
369,Yuzawa,JP,2022-05-22 18:40:29,39.1667,140.5,53.89,77,100,3.09,overcast clouds
370,Buala,SB,2022-05-22 18:40:29,-8.145,159.5921,79.77,80,7,5.59,light rain
371,Sungaipenuh,ID,2022-05-22 18:40:30,-2.0833,101.3833,63.57,95,57,2.21,broken clouds
372,Lata,PT,2022-05-22 18:36:19,40.1629,-8.3327,63.81,82,62,8.12,broken clouds
373,Calama,CL,2022-05-22 18:40:30,-22.4667,-68.9333,68.49,10,0,14.97,clear sky
374,Hervey Bay,AU,2022-05-22 18:40:31,-25.2986,152.8535,65.01,94,100,1.01,overcast clouds
375,Kafanchan,NG,2022-05-22 18:41:31,9.5833,8.3,71.74,82,100,1.97,light rain
376,Constitucion,CL,2022-05-22 18:41:32,-35.3333,-72.4167,53.94,86,100,9.53,overcast clouds
377,Livermore,US,2022-05-22 18:36:35,37.6819,-121.768,80.94,32,0,5.75,clear sky
378,Bundaberg,AU,2022-05-22 18:41:32,-24.85,152.35,63.21,97,100,1.99,overcast clouds
379,Sayyan,YE,2022-05-22 18:41:33,15.1718,44.3244,66.81,17,21,2.55,few clouds
380,Kaspiyskiy,RU,2022-05-22 18:41:33,45.3929,47.3707,64.36,73,3,11.27,clear sky
381,Cockburn Town,TC,2022-05-22 18:39:46,21.4612,-71.1419,79.66,77,12,20.15,few clouds
382,Kaitangata,NZ,2022-05-22 18:41:34,-46.2817,169.8464,46.53,84,83,13.11,broken clouds
383,De Aar,ZA,2022-05-22 18:41:34,-30.6497,24.0123,54.16,56,92,5.14,overcast clouds
384,Honningsvag,NO,2022-05-22 18:41:35,70.9821,25.9704,46.15,76,18,3.44,few clouds
385,Port Blair,IN,2022-05-22 18:41:35,11.6667,92.75,82.96,81,100,21.79,overcast clouds
386,Shache,CN,2022-05-22 18:41:36,38.4167,77.2406,71.51,32,100,12.03,light rain
387,Berdigestyakh,RU,2022-05-22 18:41:37,62.0989,126.6992,39.24,89,17,2.64,few clouds
388,Majene,ID,2022-05-22 18:41:37,-3.5403,118.9707,77.94,88,69,8.25,light rain
389,Manuk Mangkaw,PH,2022-05-22 18:41:38,4.8,119.85,83.55,71,100,4.23,overcast clouds
390,Socorro,US,2022-05-22 18:38:37,31.6546,-106.3033,79.03,28,75,23.02,broken clouds
391,Maksatikha,RU,2022-05-22 18:41:38,57.797,35.8825,36.54,68,14,4.61,few clouds
392,Bezopasnoye,RU,2022-05-22 18:41:39,45.6483,41.936,58.89,93,15,4.7,few clouds
393,Pudozh,RU,2022-05-22 18:41:40,61.8099,36.5345,35.65,64,53,6.91,broken clouds
394,Rafraf,TN,2022-05-22 18:41:40,37.1904,10.1837,75.52,63,0,8.16,clear sky
395,Lira,UG,2022-05-22 18:41:43,2.235,32.9097,72.3,69,100,2.35,overcast clouds
396,Volokolamsk,RU,2022-05-22 18:41:43,56.0336,35.9694,36.18,74,7,5.32,clear sky
397,Port Hardy,CA,2022-05-22 18:41:24,50.6996,-127.4199,48.38,93,75,4.61,broken clouds
398,Sao Felix Do Xingu,BR,2022-05-22 18:41:44,-6.6447,-51.995,87.91,45,5,4.32,clear sky
399,Qunduz,AF,2022-05-22 18:41:45,36.729,68.857,59.95,55,21,4.38,few clouds
400,Alugan,PH,2022-05-22 18:41:45,12.2188,125.4808,78.62,87,38,8.32,scattered clouds
401,Vestmannaeyjar,IS,2022-05-22 18:41:46,63.4427,-20.2734,54.59,66,0,6.91,clear sky
402,Ratnagiri,IN,2022-05-22 18:39:19,16.9833,73.3,82.67,81,0,8.3,clear sky
403,Provost,CA,2022-05-22 18:41:46,52.3501,-110.2683,57.65,27,42,11.9,scattered clouds
404,Mount Pleasant,US,2022-05-22 18:37:33,32.7941,-79.8626,71.74,100,100,5.75,heavy intensity rain
405,Pisco,PE,2022-05-22 18:39:34,-13.7,-76.2167,67.01,77,20,10.36,mist
406,Luderitz,NA,2022-05-22 18:41:47,-26.6481,15.1594,58.19,69,24,7.27,few clouds
407,Pervomayskoye,RU,2022-05-22 18:41:48,43.919,46.7102,58.71,70,0,7.87,clear sky
408,Wasilla,US,2022-05-22 18:41:48,61.5814,-149.4394,64.06,29,0,6.91,clear sky
409,Yarmouth,US,2022-05-22 18:41:49,41.7057,-70.2286,88.27,75,0,11.5,clear sky
410,Puerto Del Rosario,ES,2022-05-22 18:40:19,28.5004,-13.8627,71.35,73,20,19.57,few clouds
411,Alihe,CN,2022-05-22 18:41:49,50.5667,123.7167,46.89,92,7,3.29,clear sky
412,Semey,KZ,2022-05-22 18:41:50,50.4111,80.2275,59.94,47,100,4.97,overcast clouds
413,Horsham,GB,2022-05-22 18:41:50,51.064,-0.3272,67.71,59,0,8.05,clear sky
414,Cacoal,BR,2022-05-22 18:41:51,-11.4386,-61.4472,83.93,56,6,0.43,clear sky
415,Nogliki,RU,2022-05-22 18:41:51,51.8333,143.1667,33.87,90,100,7.65,overcast clouds
416,Pipar,IN,2022-05-22 18:41:52,26.3856,73.5378,88.38,52,0,19.17,clear sky
417,Vieux-Habitants,GP,2022-05-22 18:41:52,16.0589,-61.7659,86.72,64,1,13.44,clear sky
418,Pocatello,US,2022-05-22 18:41:53,42.8713,-112.4455,53.19,54,75,20.71,broken clouds
419,Sai Buri,TH,2022-05-22 18:41:53,6.7013,101.6168,78.93,86,100,5.7,overcast clouds
420,Byron Bay,AU,2022-05-22 18:41:54,-28.65,153.6167,58.71,86,44,11.41,scattered clouds
421,Termiz,UZ,2022-05-22 18:42:54,37.2242,67.2783,64.49,36,0,9.22,clear sky
422,Evensk,RU,2022-05-22 18:42:55,61.95,159.2333,37.83,92,98,2.33,overcast clouds
423,Esterhazy,CA,2022-05-22 18:42:17,50.65,-102.0843,58.05,35,100,8.79,overcast clouds
424,Boguchany,RU,2022-05-22 18:42:55,58.3814,97.4531,45.41,93,29,1.86,scattered clouds
425,Saldanha,ZA,2022-05-22 18:42:56,-33.0117,17.9442,55.45,87,91,5.77,overcast clouds
426,Dali,CN,2022-05-22 18:39:46,25.7,100.1833,61.12,90,62,3.4,broken clouds
427,Abu Samrah,SY,2022-05-22 18:42:56,35.3029,37.1841,62.64,59,8,16.67,clear sky
428,Moron,AR,2022-05-22 18:42:57,-34.6534,-58.6198,69.49,57,100,6.13,overcast clouds
429,Innisfail,AU,2022-05-22 18:41:21,-17.5333,146.0333,71.2,86,99,5.3,overcast clouds
430,Susanville,US,2022-05-22 18:39:06,40.4163,-120.653,66.13,28,0,5.01,clear sky
431,Kemijarvi,FI,2022-05-22 18:42:58,66.7131,27.4306,47.35,83,30,8.39,scattered clouds
432,Bayan,CN,2022-05-22 18:42:58,46.0833,127.4,56.16,45,70,6.22,broken clouds
433,Brandfort,ZA,2022-05-22 18:42:59,-28.7001,26.4597,53.01,72,47,6.4,scattered clouds
434,Kavaratti,IN,2022-05-22 18:42:59,10.5669,72.642,83.64,80,91,18.21,overcast clouds
435,Kishorganj,BD,2022-05-22 18:43:00,24.4333,90.7667,79.99,83,53,6.98,broken clouds
436,Aklavik,CA,2022-05-22 18:43:00,68.2191,-135.0107,26.6,86,100,8.05,light snow
437,Ninghai,CN,2022-05-22 18:43:00,29.2892,121.4247,63.75,94,100,3.94,light rain
438,Point Pedro,LK,2022-05-22 18:43:01,9.8167,80.2333,83.3,79,100,19.24,overcast clouds
439,Chornyanka,UA,2022-05-22 18:43:01,46.6522,33.359,56.37,68,10,9.48,clear sky
440,Makinsk,KZ,2022-05-22 18:43:02,52.6292,70.4169,45.32,61,11,16.11,few clouds
441,Tazovskiy,RU,2022-05-22 18:43:02,67.4667,78.7,35.19,95,100,14.79,overcast clouds
442,Qaqortoq,GL,2022-05-22 18:43:03,60.7167,-46.0333,36.34,98,100,11.52,light rain
443,Bilma,NE,2022-05-22 18:43:03,18.6853,12.9164,92.05,9,95,6.51,overcast clouds
444,Inuvik,CA,2022-05-22 18:43:03,68.3499,-133.7218,27.36,66,75,6.91,broken clouds
445,Necochea,AR,2022-05-22 18:43:04,-38.5473,-58.7368,60.98,47,100,12.91,overcast clouds
446,Coquimbo,CL,2022-05-22 18:43:05,-29.9533,-71.3436,60.53,77,20,13.8,few clouds
447,Aljezur,PT,2022-05-22 18:43:05,37.3191,-8.8033,64.33,89,56,13.06,broken clouds
448,Palmer,US,2022-05-22 18:43:06,42.1584,-72.3287,92.44,52,75,8.05,broken clouds
449,Nuqui,CO,2022-05-22 18:43:06,5.7125,-77.2708,83.1,79,43,8.93,light rain
450,Namibe,AO,2022-05-22 18:43:06,-15.1961,12.1522,69.6,72,0,3.13,clear sky
451,Taltal,CL,2022-05-22 18:43:07,-25.4,-70.4833,66.18,66,22,6.85,few clouds
452,Nueva Armenia,HN,2022-05-22 18:43:07,15.7956,-86.4985,86.18,50,100,5.06,overcast clouds
453,Kununurra,AU,2022-05-22 18:43:08,-15.7667,128.7333,60.78,77,93,0.0,overcast clouds
454,Purpe,RU,2022-05-22 18:43:08,64.4803,76.6897,55.6,53,41,18.99,scattered clouds
455,Pirapora,BR,2022-05-22 18:42:29,-17.345,-44.9419,82.67,27,1,3.22,clear sky
456,Elbasan,AL,2022-05-22 18:43:09,41.1125,20.0822,68.72,79,71,1.86,broken clouds
457,Leningradskiy,RU,2022-05-22 18:43:10,69.3833,178.4167,33.67,92,100,3.94,overcast clouds
458,Narsaq,GL,2022-05-22 18:43:10,60.9167,-46.05,37.62,99,100,5.66,light rain
459,Santiago,CL,2022-05-22 18:40:57,-33.4569,-70.6483,69.28,48,100,4.61,overcast clouds
460,Fairbanks,US,2022-05-22 18:38:32,64.8378,-147.7164,63.09,31,0,6.91,clear sky
461,Nadym,RU,2022-05-22 18:43:11,65.5333,72.5167,46.58,77,100,23.62,overcast clouds
462,Burnie,AU,2022-05-22 18:43:11,-41.0667,145.9167,42.94,88,12,5.08,few clouds
463,Natal,BR,2022-05-22 18:43:12,-5.795,-35.2094,74.05,100,100,26.46,overcast clouds
464,Acari,PE,2022-05-22 18:43:12,-15.4311,-74.6158,77.47,52,55,9.86,broken clouds
465,Severo-Kurilsk,RU,2022-05-22 18:43:13,50.6789,156.125,40.86,96,100,15.37,light rain
466,Idenao,CM,2022-05-22 18:43:13,4.2475,9.0047,77.68,93,100,5.7,overcast clouds
467,Bacolod,PH,2022-05-22 18:43:14,10.6667,122.95,78.73,84,100,4.21,overcast clouds
468,Qui Nhon,VN,2022-05-22 18:44:14,13.7667,109.2333,79.05,82,100,6.67,overcast clouds
469,Sambava,MG,2022-05-22 18:44:15,-14.2667,50.1667,73.6,85,9,11.88,clear sky
470,Itarema,BR,2022-05-22 18:44:16,-2.9248,-39.9167,81.79,81,61,8.01,broken clouds
471,Hokitika,NZ,2022-05-22 18:44:16,-42.7167,170.9667,44.46,80,0,5.01,clear sky
472,Sakakah,SA,2022-05-22 18:44:16,29.9697,40.2064,90.97,24,4,20.24,clear sky
473,Katangli,RU,2022-05-22 18:44:17,51.7102,143.2326,34.16,88,100,7.49,overcast clouds
474,Santa Rosa,PH,2022-05-22 18:39:46,14.3122,121.1114,80.58,91,92,0.49,overcast clouds
475,Shetpe,KZ,2022-05-22 18:41:16,44.1667,52.1167,60.73,49,0,19.66,clear sky
476,Matay,EG,2022-05-22 18:44:18,28.419,30.7792,76.17,22,0,8.01,clear sky
477,Ola,RU,2022-05-22 18:44:18,59.5833,151.2833,41.14,90,100,18.92,light rain
478,Turukhansk,RU,2022-05-22 18:44:18,65.8167,87.9833,53.73,70,80,6.46,broken clouds
479,Yeppoon,AU,2022-05-22 18:44:19,-23.1333,150.7333,65.98,88,100,10.56,overcast clouds
480,Ixtapa,MX,2022-05-22 18:44:19,20.7,-105.2,79.83,69,0,9.22,clear sky
481,Ardon,RU,2022-05-22 18:44:20,43.17,44.29,65.39,62,0,5.39,clear sky
482,Sinjai,ID,2022-05-22 18:44:01,-5.1241,120.253,75.47,90,78,3.69,broken clouds
483,Prince Rupert,CA,2022-05-22 18:44:20,54.3161,-130.3201,59.09,58,0,2.3,clear sky
484,Pangkalanbuun,ID,2022-05-22 18:44:21,-2.6833,111.6167,74.34,98,58,1.45,broken clouds
485,Daru,PG,2022-05-22 18:44:21,-9.0763,143.2092,80.24,81,43,12.57,scattered clouds
486,Qurayyat,SA,2022-05-22 18:44:22,31.3318,37.3428,71.78,18,11,25.32,sand
487,Broome,US,2022-05-22 18:44:23,42.2506,-75.833,85.98,58,0,12.66,clear sky
488,Stryn,NO,2022-05-22 18:44:23,61.9045,6.7226,60.15,68,100,6.44,overcast clouds
489,Naze,JP,2022-05-22 18:44:23,28.3667,129.4833,65.32,72,100,2.8,overcast clouds
490,Coihaique,CL,2022-05-22 18:44:24,-45.5752,-72.0662,40.95,70,75,6.91,broken clouds
491,Pontianak,ID,2022-05-22 18:44:24,-0.0333,109.3333,78.78,100,100,1.14,mist
492,Fernley,US,2022-05-22 18:40:20,39.608,-119.2518,72.28,15,10,5.99,clear sky
493,Huamachuco,PE,2022-05-22 18:44:25,-7.8,-78.0667,63.14,48,21,6.71,few clouds
494,Wanning,CN,2022-05-22 18:44:25,18.8003,110.3967,78.67,91,100,3.36,overcast clouds
495,Yulara,AU,2022-05-22 18:44:26,-25.2406,130.9889,56.73,43,100,8.34,overcast clouds
496,Juneau,US,2022-05-22 18:40:52,58.3019,-134.4197,61.84,62,40,5.75,scattered clouds
497,Altay,CN,2022-05-22 18:44:27,47.8667,88.1167,65.48,28,81,6.53,broken clouds
498,Kirkenaer,NO,2022-05-22 18:44:27,60.4564,12.0582,54.25,71,21,4.81,few clouds
499,Kulhudhuffushi,MV,2022-05-22 18:44:27,6.6221,73.07,83.23,78,21,14.63,few clouds
500,Kholmogory,RU,2022-05-22 18:44:28,64.2229,41.656,34.21,64,95,9.93,overcast clouds
501,Roma,US,2022-05-22 18:44:28,43.2128,-75.4557,81.73,57,100,6.91,overcast clouds
502,Gat,IL,2022-05-22 18:44:29,31.61,34.7642,68.81,27,0,6.96,clear sky
503,Sao Francisco De Paula,BR,2022-05-22 18:44:29,-29.4481,-50.5836,60.04,71,100,1.25,overcast clouds
504,San Patricio,US,2022-05-22 18:44:30,28.017,-97.5169,79.52,54,99,13.18,overcast clouds
505,Qianguo,CN,2022-05-22 18:44:30,45.1171,124.8568,65.23,37,93,10.56,overcast clouds
506,Kanor,IN,2022-05-22 18:44:31,24.4333,74.2667,83.91,60,0,18.03,clear sky
507,Turki,RU,2022-05-22 18:44:31,51.987,43.2731,44.67,94,100,5.73,light rain
508,Rudbar,AF,2022-05-22 18:44:32,30.15,62.6,74.37,18,0,21.21,clear sky
509,Palanga,LT,2022-05-22 18:44:32,55.9175,21.0686,48.22,87,0,5.75,clear sky
510,Mehamn,NO,2022-05-22 18:44:32,71.0357,27.8492,40.91,88,95,5.59,overcast clouds
511,Calatayud,ES,2022-05-22 18:44:33,41.3535,-1.6432,75.49,35,75,13.96,broken clouds
512,Berezovka,BY,2022-05-22 18:44:33,53.7214,25.4993,48.94,96,100,4.99,overcast clouds
513,Amapa,BR,2022-05-22 18:45:34,1.0,-52.0,78.98,90,94,2.24,overcast clouds
514,Naberera,TZ,2022-05-22 18:45:34,-4.2,36.9333,59.85,79,95,6.38,overcast clouds
515,Requena,ES,2022-05-22 18:45:35,39.4883,-1.1004,71.53,37,98,13.67,overcast clouds
516,Davila,PH,2022-05-22 18:45:35,18.4726,120.5763,78.78,78,96,7.87,overcast clouds
517,Gopalpur,IN,2022-05-22 18:45:36,19.2667,84.9167,84.72,78,100,3.33,overcast clouds
518,Toora-Khem,RU,2022-05-22 18:45:36,52.4675,96.11,59.34,51,100,3.96,overcast clouds
519,Fonte Boa,BR,2022-05-22 18:45:37,-2.4959,-66.2662,84.61,65,19,1.57,few clouds
520,Khandagayty,RU,2022-05-22 18:45:37,50.7333,92.05,62.19,29,100,4.47,overcast clouds
521,Ust-Kut,RU,2022-05-22 18:45:38,56.7938,105.7672,40.41,93,42,3.27,scattered clouds
522,Morros,BR,2022-05-22 18:45:38,-9.4467,-46.3003,84.63,47,91,3.44,overcast clouds
523,Henties Bay,NA,2022-05-22 18:45:39,-22.116,14.2845,61.81,62,7,8.93,clear sky
524,Witu,KE,2022-05-22 18:45:39,-2.3889,40.4382,80.76,83,12,11.07,few clouds
525,Hami,CN,2022-05-22 18:45:39,42.8,93.45,80.17,18,94,12.66,overcast clouds
526,Hihya,EG,2022-05-22 18:45:40,30.6713,31.588,69.12,56,0,9.22,clear sky
527,Vysokogornyy,RU,2022-05-22 18:45:40,50.1167,139.15,37.2,96,100,1.86,overcast clouds
528,Boa Vista,BR,2022-05-22 18:45:06,2.8197,-60.6733,75.18,88,100,5.75,light rain
529,Manali,IN,2022-05-22 18:45:41,13.1667,80.2667,90.07,66,99,11.65,overcast clouds
530,Phalombe,MW,2022-05-22 18:45:42,-15.8064,35.6507,68.92,58,84,1.12,broken clouds
531,Olavarria,AR,2022-05-22 18:45:42,-36.8927,-60.3225,64.02,56,100,12.19,overcast clouds
532,Shimoda,JP,2022-05-22 18:45:42,34.6667,138.95,64.62,87,2,8.75,clear sky
533,Alice Springs,AU,2022-05-22 18:45:43,-23.7,133.8833,45.95,71,44,0.0,scattered clouds
534,Venice,US,2022-05-22 18:45:43,27.0998,-82.4543,95.05,52,75,11.5,broken clouds
535,San Vicente,AR,2022-05-22 18:45:44,-26.6167,-54.1333,66.0,46,100,2.57,overcast clouds
536,Port Harcourt,NG,2022-05-22 18:45:44,4.7774,7.0134,77.02,88,100,4.92,overcast clouds
537,Baturite,BR,2022-05-22 18:45:45,-4.3286,-38.8847,80.37,76,25,6.35,scattered clouds
538,Kuzovatovo,RU,2022-05-22 18:45:45,53.5468,47.6866,42.6,76,100,6.33,overcast clouds
539,Samarai,PG,2022-05-22 18:45:46,-10.6167,150.6667,80.47,79,30,6.87,scattered clouds
540,Naron,ES,2022-05-22 18:45:46,43.5167,-8.1528,63.03,92,100,3.8,overcast clouds
541,Sistranda,NO,2022-05-22 18:45:47,63.7256,8.834,57.16,83,100,14.56,overcast clouds
542,Salas,ES,2022-05-22 18:45:47,43.4118,-6.2602,59.76,98,100,2.26,light rain
543,Panguna,PG,2022-05-22 18:45:47,-6.3164,155.4848,65.95,95,61,1.74,broken clouds
544,Bangkal,PH,2022-05-22 18:45:48,6.0667,121.0667,77.13,89,100,4.14,light rain
545,Okhotsk,RU,2022-05-22 18:45:48,59.3833,143.3,34.21,99,100,12.5,overcast clouds
546,Le Port,RE,2022-05-22 18:45:49,-20.9373,55.2919,71.6,67,29,3.51,scattered clouds
547,Haines Junction,CA,2022-05-22 18:45:49,60.7522,-137.5108,53.55,35,100,3.44,overcast clouds
548,Virginia Beach,US,2022-05-22 18:41:42,36.8529,-75.978,90.01,64,75,18.41,broken clouds
549,Lazaro Cardenas,MX,2022-05-22 18:45:50,17.9583,-102.2,83.61,63,19,10.6,few clouds
550,Mandera,KE,2022-05-22 18:45:50,3.9366,41.867,86.94,49,39,17.34,scattered clouds
551,Ambon,ID,2022-05-22 18:45:51,-3.6954,128.1814,75.34,100,40,2.3,scattered clouds
552,Padang,ID,2022-05-22 18:45:51,-0.9492,100.3543,76.78,87,71,3.98,broken clouds
553,Bubaque,GW,2022-05-22 18:45:52,11.2833,-15.8333,78.3,75,98,16.22,overcast clouds
554,Ostrovnoy,RU,2022-05-22 18:45:52,68.0531,39.5131,30.67,81,18,10.02,few clouds
555,Otaru,JP,2022-05-22 18:45:53,43.1894,141.0022,55.02,91,86,3.13,overcast clouds
556,Taoudenni,ML,2022-05-22 18:45:53,22.6783,-3.9836,97.81,8,0,10.27,clear sky
557,Manggar,ID,2022-05-22 18:45:54,-2.8833,108.2667,81.64,77,93,4.54,overcast clouds
558,Tsiroanomandidy,MG,2022-05-22 18:45:54,-18.7667,46.0333,70.39,54,100,1.68,overcast clouds
559,Salekhard,RU,2022-05-22 18:45:55,66.53,66.6019,32.72,87,100,31.79,overcast clouds
560,Okakarara,NA,2022-05-22 18:45:55,-20.5833,17.4333,51.87,36,0,5.79,clear sky
561,Mariental,NA,2022-05-22 18:46:55,-24.6333,17.9667,58.08,46,8,9.26,clear sky
562,Nanortalik,GL,2022-05-22 18:46:56,60.1432,-45.2371,37.51,98,100,6.85,light rain
563,Anadyr,RU,2022-05-22 18:46:56,64.75,177.4833,45.1,65,0,6.71,clear sky
564,Kenora,CA,2022-05-22 18:46:57,49.8167,-94.4337,54.57,32,40,10.36,scattered clouds
565,Sept-Iles,CA,2022-05-22 18:46:17,50.2001,-66.3821,57.72,58,75,9.22,broken clouds
566,Alexandria,EG,2022-05-22 18:45:00,31.2156,29.9553,69.76,73,0,13.8,clear sky
567,Yelizovo,RU,2022-05-22 18:46:58,53.1873,158.3805,41.14,100,75,0.0,broken clouds
568,Tiruchchendur,IN,2022-05-22 18:46:58,8.4833,78.1167,81.82,75,13,11.43,few clouds
569,San Jose,US,2022-05-22 18:45:47,37.3394,-121.895,81.91,51,20,9.22,few clouds
570,Olga,RU,2022-05-22 18:46:59,43.7444,135.2892,46.74,98,5,7.72,clear sky
571,Talcahuano,CL,2022-05-22 18:46:59,-36.7167,-73.1167,55.08,94,100,18.41,fog
572,Nieuwpoort,BE,2022-05-22 18:47:00,51.1244,2.7735,67.32,72,75,4.61,broken clouds
573,Abu Dhabi,AE,2022-05-22 18:46:54,24.4667,54.3667,86.02,63,0,5.75,clear sky
574,Najran,SA,2022-05-22 18:47:00,17.4924,44.1277,84.85,11,0,4.23,clear sky
575,Sobolevo,RU,2022-05-22 18:47:01,54.4299,31.8996,42.96,70,12,5.73,few clouds
576,Namatanai,PG,2022-05-22 18:47:01,-3.6667,152.4333,79.05,72,67,9.4,broken clouds
577,Inhambane,MZ,2022-05-22 18:45:05,-23.865,35.3833,69.78,100,75,6.91,moderate rain
578,Tiznit,MA,2022-05-22 18:47:02,29.5833,-9.5,78.08,45,15,3.91,few clouds
579,Praia,CV,2022-05-22 18:47:03,14.9215,-23.5087,77.54,57,20,19.57,few clouds
580,Tarakan,ID,2022-05-22 18:47:03,3.3,117.6333,77.5,90,100,8.61,overcast clouds
581,Suffolk,US,2022-05-22 18:47:04,40.8668,-72.7996,90.9,77,0,11.5,clear sky
582,Husavik,IS,2022-05-22 18:47:04,66.0449,-17.3389,37.44,99,100,8.77,overcast clouds
583,Jacksonville,US,2022-05-22 18:47:05,30.3322,-81.6556,91.99,69,100,13.8,overcast clouds
584,Giddarbaha,IN,2022-05-22 18:47:05,30.2,74.6667,92.7,13,9,8.66,clear sky
585,Conde,BR,2022-05-22 18:47:06,-7.2597,-34.9075,80.06,83,75,13.8,light rain
586,Sibolga,ID,2022-05-22 18:47:07,1.7427,98.7792,76.8,88,100,3.42,overcast clouds
587,Srimushnam,IN,2022-05-22 18:47:07,11.4,79.4167,84.99,59,100,9.33,overcast clouds
588,Praia Da Vitoria,PT,2022-05-22 18:47:08,38.7333,-27.0667,66.45,100,75,5.26,light intensity drizzle
589,Morozovsk,RU,2022-05-22 18:47:08,48.3539,41.8261,56.55,89,79,9.98,broken clouds
590,Kintinku,TZ,2022-05-22 18:47:08,-5.8833,35.2333,75.25,48,99,8.43,overcast clouds
591,Corner Brook,CA,2022-05-22 18:47:09,48.9667,-57.9484,55.56,90,100,4.59,overcast clouds
592,Kontagora,NG,2022-05-22 18:47:09,10.3999,5.4695,84.61,53,100,4.27,light rain
593,Jalu,LY,2022-05-22 18:47:10,29.0331,21.5482,77.52,21,0,9.84,clear sky
594,Tam Ky,VN,2022-05-22 18:45:55,15.5667,108.4833,76.86,92,100,5.28,overcast clouds
595,Heinola,FI,2022-05-22 18:47:11,61.2056,26.0381,47.37,55,81,3.13,broken clouds
596,Sovetskiy,RU,2022-05-22 18:47:11,61.3614,63.5842,38.3,96,100,9.26,overcast clouds
597,Khani,GE,2022-05-22 18:47:11,41.9563,42.9566,56.77,59,99,6.29,light rain
598,San Cristobal,VE,2022-05-22 18:47:12,7.7669,-72.225,82.58,41,1,8.05,clear sky
599,Blagoyevo,RU,2022-05-22 18:47:12,63.3667,47.9167,31.21,94,100,11.92,light snow
600,Nantucket,US,2022-05-22 18:47:13,41.2835,-70.0995,75.31,77,0,12.66,clear sky
601,Poso,ID,2022-05-22 18:47:13,-1.3959,120.7524,76.17,86,100,4.09,overcast clouds
602,Nioro,GM,2022-05-22 18:47:14,13.35,-15.75,86.9,39,67,15.95,broken clouds
603,Antalaha,MG,2022-05-22 18:47:14,-14.9003,50.2788,71.92,84,25,7.23,scattered clouds
604,Barranca,PE,2022-05-22 18:47:15,-10.75,-77.7667,68.54,71,17,7.85,few clouds
605,Yuxia,CN,2022-05-22 18:47:15,34.0615,108.6291,66.81,55,3,7.29,clear sky
606,Pechenga,RU,2022-05-22 18:47:16,69.5259,31.1703,36.88,99,100,5.23,overcast clouds
607,Zavetnoye,RU,2022-05-22 18:47:16,47.1194,43.8903,54.81,88,100,11.18,overcast clouds
608,Monrovia,LR,2022-05-22 18:47:17,6.3005,-10.7969,77.52,86,100,9.48,light rain
609,Esil,KZ,2022-05-22 18:48:17,51.9556,66.4042,48.96,60,98,13.06,overcast clouds
610,Port Hedland,AU,2022-05-22 18:48:18,-20.3167,118.5667,78.85,94,100,5.75,overcast clouds
611,Trincomalee,LK,2022-05-22 18:48:18,8.5711,81.2335,81.93,78,88,22.75,overcast clouds
612,La Ronge,CA,2022-05-22 18:48:19,55.1001,-105.2842,62.85,15,75,12.66,broken clouds
613,Newport,GB,2022-05-22 18:48:19,51.5877,-2.9984,64.17,69,100,6.4,overcast clouds
614,Vieques,PR,2022-05-22 18:48:20,18.425,-65.8329,88.84,66,40,18.41,haze
615,Corinto,GR,2022-05-22 18:48:21,37.9407,22.9573,74.41,58,7,1.99,clear sky
616,Presidencia Roque Saenz Pena,AR,2022-05-22 18:48:21,-26.7852,-60.4388,75.2,37,0,5.66,clear sky
617,Marsa Matruh,EG,2022-05-22 18:48:22,31.3525,27.2453,68.2,77,0,11.5,clear sky
618,Ordzhonikidze,KZ,2022-05-22 18:48:22,52.4411,61.7408,47.08,70,100,13.04,overcast clouds
619,Dawei,MM,2022-05-22 18:48:23,14.0833,98.2,76.75,94,100,2.01,overcast clouds
620,Mancio Lima,BR,2022-05-22 18:48:23,-7.6142,-72.8958,87.87,58,75,4.61,broken clouds
621,Soe,ID,2022-05-22 18:48:24,-9.8607,124.284,64.56,94,35,4.07,scattered clouds
622,Killybegs,IE,2022-05-22 18:48:24,54.6333,-8.45,56.91,83,11,15.28,few clouds
623,Thibodaux,US,2022-05-22 18:48:25,29.7958,-90.8229,86.99,75,21,1.01,few clouds
624,Tevaitoa,PF,2022-05-22 18:48:26,-16.7833,-151.5,80.6,71,20,15.46,few clouds
625,Chimore,BO,2022-05-22 18:48:26,-16.9833,-65.1333,72.64,70,95,2.91,overcast clouds
626,Claudio,BR,2022-05-22 18:48:27,-20.4433,-44.7658,72.23,38,0,2.17,clear sky
627,Sumbawanga,TZ,2022-05-22 18:48:27,-7.9667,31.6167,58.35,82,91,2.15,overcast clouds
628,Canar,EC,2022-05-22 18:48:28,-2.55,-78.9333,64.44,78,94,1.16,light rain
629,Kutum,SD,2022-05-22 18:48:28,14.2,24.6667,81.59,16,66,9.73,broken clouds
630,Lewiston,US,2022-05-22 18:46:27,44.1003,-70.2148,89.71,65,94,10.36,overcast clouds
631,Vallenar,CL,2022-05-22 18:48:29,-28.5708,-70.7581,79.34,22,0,6.87,clear sky
632,Kaoma,ZM,2022-05-22 18:48:29,-14.7833,24.8,56.61,41,65,4.52,broken clouds
633,Bayeux,BR,2022-05-22 18:48:30,-7.125,-34.9322,81.23,83,75,13.8,broken clouds
634,San Juan,AR,2022-05-22 18:45:09,-31.5375,-68.5364,76.37,15,30,5.82,scattered clouds
635,Palmas,BR,2022-05-22 18:47:11,-10.2128,-48.3603,89.47,40,20,8.05,few clouds
636,Kloulklubed,PW,2022-05-22 18:48:31,7.0419,134.2556,83.68,75,100,7.96,overcast clouds
637,Lotofaga,WS,2022-05-22 18:48:31,-13.9764,-171.8578,71.38,73,64,18.88,broken clouds
638,Yumen,CN,2022-05-22 18:46:50,40.2833,97.2,64.94,23,18,13.51,few clouds
639,Carballo,ES,2022-05-22 18:48:32,43.213,-8.691,62.02,93,100,2.75,overcast clouds
640,Emba,KZ,2022-05-22 18:48:32,48.8264,58.1442,55.15,73,100,20.11,overcast clouds
641,Qasigiannguit,GL,2022-05-22 18:48:33,68.8193,-51.1922,35.85,99,100,3.76,light rain
642,Kathmandu,NP,2022-05-22 18:48:34,27.7167,85.3167,66.42,82,75,3.44,thunderstorm
643,Zhuhai,CN,2022-05-22 18:48:34,22.2769,113.5678,77.86,94,40,17.27,light intensity shower rain
644,Cap Malheureux,MU,2022-05-22 18:48:34,-19.9842,57.6142,73.47,75,6,5.99,clear sky
645,Tucuma,BR,2022-05-22 18:48:35,-0.1833,-50.05,80.8,86,14,4.56,few clouds
646,Fukue,JP,2022-05-22 18:48:35,32.6881,128.8419,68.14,78,100,6.87,overcast clouds
647,Portland,US,2022-05-22 18:45:53,45.5234,-122.6762,71.62,53,100,4.0,overcast clouds
648,Sao Jose Da Coroa Grande,BR,2022-05-22 18:48:36,-8.8978,-35.1478,79.72,78,6,15.43,clear sky
649,Asosa,ET,2022-05-22 18:48:37,10.0667,34.5333,63.09,90,100,3.78,moderate rain
650,San Policarpo,PH,2022-05-22 18:48:37,12.1791,125.5072,79.12,86,43,8.55,scattered clouds
651,Evans,US,2022-05-22 18:48:14,33.5337,-82.1307,88.9,55,75,8.99,broken clouds
652,Bousso,TD,2022-05-22 18:48:38,10.4795,16.7117,93.87,29,100,4.07,overcast clouds
653,Galesong,ID,2022-05-22 18:48:38,-5.3166,119.3661,75.22,81,48,4.14,scattered clouds
654,Port Macquarie,AU,2022-05-22 18:48:39,-31.4333,152.9167,55.89,85,100,3.89,light rain
655,Launceston,AU,2022-05-22 18:46:49,-41.45,147.1667,38.16,93,100,6.91,overcast clouds
656,Jurm,AF,2022-05-22 18:49:40,36.8648,70.8342,47.03,84,100,4.76,overcast clouds
657,Puerto Penasco,MX,2022-05-22 18:49:40,31.3167,-113.5333,74.91,73,0,8.99,clear sky
658,Zagora,MA,2022-05-22 18:49:41,30.3484,-5.8365,92.7,11,100,9.78,overcast clouds
659,Mana,GF,2022-05-22 18:49:41,5.6592,-53.7767,79.05,86,92,4.32,overcast clouds
660,Turkan,AZ,2022-05-22 18:49:42,40.3639,50.215,62.78,82,0,11.5,clear sky
661,Gold Coast,AU,2022-05-22 18:45:33,-28.0,153.4333,62.24,95,100,8.05,heavy intensity shower rain
662,Tsabong,BW,2022-05-22 18:49:42,-26.0217,22.401,58.14,59,7,5.7,clear sky
663,Jieshi,CN,2022-05-22 18:49:43,22.8134,115.8257,72.81,89,100,13.49,overcast clouds
664,Bilibino,RU,2022-05-22 18:47:59,68.0546,166.4372,43.16,70,79,3.89,broken clouds
665,Gamba,GA,2022-05-22 18:49:44,-2.65,10.0,75.69,74,76,6.73,broken clouds
666,Deputatskiy,RU,2022-05-22 18:49:44,69.3,139.9,27.28,94,84,3.36,broken clouds
667,Sarkand,KZ,2022-05-22 18:49:44,45.41,79.9186,53.83,84,100,6.67,overcast clouds
668,Porto Uniao,BR,2022-05-22 18:49:45,-26.2381,-51.0783,66.18,47,11,2.91,few clouds
669,Wanaka,NZ,2022-05-22 18:49:45,-44.7,169.15,38.03,80,4,3.06,clear sky
670,Tarauaca,BR,2022-05-22 18:49:46,-8.1614,-70.7656,79.63,75,96,1.72,overcast clouds
671,Sao Joao Da Barra,BR,2022-05-22 18:47:57,-21.6403,-41.0511,77.09,66,20,9.75,few clouds
672,Ndele,CF,2022-05-22 18:49:47,8.4109,20.6473,81.68,53,100,2.84,overcast clouds
673,Sioux Lookout,CA,2022-05-22 18:49:47,50.1001,-91.917,53.67,30,75,11.5,broken clouds
674,Moerai,PF,2022-05-22 18:49:47,-22.4333,-151.3333,78.19,70,21,8.84,few clouds
675,Kimbe,PG,2022-05-22 18:49:48,-5.5502,150.1429,75.49,93,37,3.69,scattered clouds
676,Allada,BJ,2022-05-22 18:49:49,6.6655,2.1514,81.36,79,100,5.06,overcast clouds
677,Pochutla,MX,2022-05-22 18:49:49,15.7432,-96.4661,92.82,39,0,10.54,clear sky
678,Finnsnes,NO,2022-05-22 18:49:50,69.2296,17.9811,54.21,96,100,1.95,overcast clouds
679,Asau,RO,2022-05-22 18:49:50,46.4333,26.4,58.28,74,96,0.96,overcast clouds
680,Rio Grande,BR,2022-05-22 18:49:51,-32.035,-52.0986,69.91,67,0,6.93,clear sky
681,Curumani,CO,2022-05-22 18:49:51,9.1999,-73.5427,97.38,37,0,2.71,clear sky
682,Emerald,AU,2022-05-22 18:49:51,-23.5333,148.1667,60.35,87,96,12.66,overcast clouds
683,Waldoboro,US,2022-05-22 18:49:52,44.0954,-69.3756,88.3,69,53,7.09,broken clouds
684,Calbuco,CL,2022-05-22 18:49:53,-41.768,-73.1273,51.01,68,7,10.47,light rain
685,Hovd,MN,2022-05-22 18:49:53,48.0056,91.6419,63.81,21,97,2.17,overcast clouds
686,Aras,ES,2022-05-22 18:49:54,42.5617,-2.356,75.61,38,40,24.16,light rain
687,Bahia Blanca,AR,2022-05-22 18:49:54,-38.7196,-62.2724,63.0,34,100,17.58,overcast clouds
688,Bantogon,PH,2022-05-22 18:49:55,6.5333,124.0333,78.1,79,100,3.33,overcast clouds
689,Doka,SD,2022-05-22 18:49:55,13.5167,35.7667,84.52,46,99,16.78,light rain
690,Vostok,RU,2022-05-22 18:49:56,46.4856,135.8833,40.19,95,88,2.86,overcast clouds
691,Itoman,JP,2022-05-22 18:49:56,26.1247,127.6694,75.22,81,75,9.22,broken clouds
692,Xambioa,BR,2022-05-22 18:49:57,-6.4111,-48.5364,80.73,84,10,2.39,clear sky
693,Kvitok,RU,2022-05-22 18:49:57,56.0724,98.4813,45.72,73,81,3.69,broken clouds
694,Sao Gabriel Da Cachoeira,BR,2022-05-22 18:49:58,-0.1303,-67.0892,80.4,83,40,2.3,scattered clouds
695,Thunder Bay,CA,2022-05-22 18:47:34,48.4001,-89.3168,49.98,43,75,5.75,broken clouds
696,Moquegua,PE,2022-05-22 18:49:58,-17.1956,-70.9353,75.67,20,17,8.28,few clouds
697,Ottawa,CA,2022-05-22 18:49:16,45.4112,-75.6981,57.63,88,100,14.97,light rain
698,Turan,VN,2022-05-22 18:49:59,16.0678,108.2208,82.38,89,40,1.14,scattered clouds
